cliente,segmento_cliente,canal_compra,region,tipo_producto,frecuencia_compra,nivel_satisfaccion,metodo_pago,respuesta_promocion,perfil_simulado
C0001,Premium,Web,Occidente,Servicios,Media,Alta,Digital,Media,Cliente_leal
C0002,Promocional,Web,Sur,Moda,Media,Media,Digital,Alta,Cliente_promocional
C0003,Riesgo,Tienda,Occidente,Alimentos,Baja,Media,Efectivo,Baja,Cliente_riesgo
C0004,Frecuente,App,Centro,Tecnologia,Alta,Alta,Transferencia,Media,Cliente_leal
C0005,Promocional,App,Sur,Tecnologia,Alta,Media,Digital,Alta,Cliente_promocional
C0006,Riesgo,Telefono,Occidente,Moda,Media,Media,Tarjeta,Baja,Cliente_riesgo
C0007,Frecuente,Web,Norte,Hogar,Alta,Alta,Transferencia,Media,Cliente_leal
C0008,Ocasional,Tienda,Centro,Servicios,Baja,Baja,Transferencia,Baja,Cliente_riesgo
C0009,Ocasional,Tienda,Occidente,Moda,Media,Baja,Digital,Baja,Cliente_ocasional
C0010,Ocasional,Web,Sur,Hogar,Baja,Media,Digital,Media,Cliente_ocasional
C0011,Frecuente,Web,Occidente,Moda,Alta,Media,Digital,Alta,Cliente_promocional
C0012,Promocional,App,Sur,Tecnologia,Alta,Media,Efectivo,Alta,Cliente_promocional
C0013,Premium,Web,Occidente,Tecnologia,Alta,Alta,Tarjeta,Media,Cliente_leal
C0014,Riesgo,Web,Norte,Moda,Baja,Baja,Tarjeta,Media,Cliente_riesgo
C0015,Frecuente,Web,Norte,Tecnologia,Alta,Media,Digital,Alta,Cliente_leal
C0016,Promocional,App,Centro,Hogar,Media,Alta,Digital,Alta,Cliente_promocional
C0017,Nuevo,Web,Norte,Hogar,Media,Media,Digital,Baja,Cliente_ocasional
C0018,Promocional,Web,Occidente,Tecnologia,Media,Media,Digital,Alta,Cliente_promocional
C0019,Ocasional,Tienda,Norte,Moda,Baja,Baja,Tarjeta,Media,Cliente_ocasional
C0020,Ocasional,Telefono,Sur,Alimentos,Baja,Media,Efectivo,Baja,Cliente_riesgo
C0021,Premium,App,Norte,Tecnologia,Alta,Alta,Transferencia,Alta,Cliente_leal
C0022,Premium,Tienda,Sur,Servicios,Alta,Alta,Tarjeta,Alta,Cliente_leal
C0023,Premium,Web,Occidente,Tecnologia,Alta,Alta,Tarjeta,Alta,Cliente_leal
C0024,Ocasional,Web,Centro,Moda,Baja,Baja,Efectivo,Baja,Cliente_ocasional
C0025,Premium,App,Occidente,Servicios,Alta,Alta,Tarjeta,Alta,Cliente_leal
C0026,Riesgo,Web,Norte,Servicios,Baja,Baja,Transferencia,Media,Cliente_riesgo
C0027,Frecuente,App,Sur,Hogar,Alta,Alta,Tarjeta,Media,Cliente_leal
C0028,Frecuente,Web,Sur,Servicios,Alta,Alta,Transferencia,Media,Cliente_leal
C0029,Promocional,App,Sur,Hogar,Media,Media,Efectivo,Media,Cliente_promocional
C0030,Nuevo,App,Sur,Moda,Baja,Baja,Efectivo,Baja,Cliente_ocasional
C0031,Riesgo,Tienda,Sur,Moda,Baja,Baja,Tarjeta,Baja,Cliente_riesgo
C0032,Ocasional,Web,Sur,Hogar,Baja,Baja,Tarjeta,Baja,Cliente_ocasional
C0033,Frecuente,Web,Occidente,Hogar,Media,Alta,Digital,Alta,Cliente_promocional
C0034,Promocional,Web,Centro,Hogar,Media,Media,Digital,Alta,Cliente_promocional
C0035,Frecuente,Web,Occidente,Tecnologia,Alta,Alta,Tarjeta,Alta,Cliente_leal
C0036,Promocional,App,Occidente,Hogar,Media,Media,Digital,Media,Cliente_promocional
C0037,Ocasional,Web,Centro,Moda,Media,Media,Digital,Media,Cliente_ocasional
C0038,Frecuente,Web,Centro,Moda,Alta,Media,Digital,Alta,Cliente_promocional
C0039,Premium,Web,Centro,Tecnologia,Media,Alta,Digital,Alta,Cliente_leal
C0040,Promocional,Web,Sur,Hogar,Media,Media,Efectivo,Alta,Cliente_promocional
C0041,Ocasional,Web,Centro,Servicios,Baja,Baja,Transferencia,Media,Cliente_riesgo
C0042,Promocional,App,Centro,Hogar,Media,Media,Tarjeta,Alta,Cliente_promocional
C0043,Premium,App,Sur,Hogar,Media,Alta,Transferencia,Alta,Cliente_leal
C0044,Frecuente,App,Sur,Hogar,Media,Alta,Digital,Alta,Cliente_leal
C0045,Premium,App,Norte,Servicios,Alta,Alta,Tarjeta,Media,Cliente_leal
C0046,Premium,Web,Norte,Servicios,Alta,Alta,Tarjeta,Alta,Cliente_leal
C0047,Ocasional,Tienda,Centro,Alimentos,Baja,Baja,Efectivo,Media,Cliente_ocasional
C0048,Ocasional,Web,Norte,Alimentos,Baja,Baja,Efectivo,Media,Cliente_ocasional
C0049,Riesgo,Web,Occidente,Alimentos,Baja,Baja,Efectivo,Baja,Cliente_riesgo
C0050,Frecuente,Tienda,Occidente,Tecnologia,Alta,Alta,Tarjeta,Alta,Cliente_leal
C0051,Frecuente,App,Occidente,Hogar,Alta,Alta,Tarjeta,Alta,Cliente_leal
C0052,Ocasional,Tienda,Centro,Servicios,Baja,Media,Transferencia,Baja,Cliente_riesgo
C0053,Premium,App,Centro,Servicios,Alta,Alta,Digital,Media,Cliente_leal
C0054,Frecuente,Tienda,Centro,Hogar,Media,Media,Tarjeta,Alta,Cliente_promocional
C0055,Premium,App,Centro,Tecnologia,Media,Alta,Digital,Media,Cliente_leal
C0056,Ocasional,App,Occidente,Hogar,Baja,Media,Digital,Baja,Cliente_ocasional
C0057,Ocasional,Telefono,Sur,Alimentos,Baja,Baja,Efectivo,Baja,Cliente_riesgo
C0058,Frecuente,App,Norte,Moda,Alta,Alta,Digital,Alta,Cliente_promocional
C0059,Frecuente,App,Sur,Hogar,Media,Alta,Tarjeta,Media,Cliente_promocional
C0060,Ocasional,Tienda,Sur,Alimentos,Media,Media,Efectivo,Media,Cliente_ocasional
C0061,Nuevo,App,Norte,Alimentos,Media,Media,Digital,Baja,Cliente_ocasional
C0062,Nuevo,App,Centro,Alimentos,Baja,Baja,Digital,Media,Cliente_ocasional
C0063,Nuevo,Web,Centro,Moda,Baja,Media,Digital,Media,Cliente_ocasional
C0064,Frecuente,Tienda,Norte,Tecnologia,Alta,Alta,Transferencia,Media,Cliente_leal
C0065,Riesgo,Web,Sur,Moda,Media,Baja,Tarjeta,Baja,Cliente_riesgo
C0066,Nuevo,App,Occidente,Moda,Baja,Media,Efectivo,Baja,Cliente_ocasional
C0067,Premium,App,Sur,Servicios,Alta,Alta,Tarjeta,Alta,Cliente_leal
C0068,Riesgo,Tienda,Centro,Servicios,Baja,Media,Tarjeta,Baja,Cliente_riesgo
C0069,Premium,Web,Occidente,Hogar,Alta,Alta,Digital,Alta,Cliente_leal
C0070,Promocional,Web,Centro,Hogar,Media,Media,Efectivo,Alta,Cliente_promocional
C0071,Frecuente,App,Occidente,Hogar,Media,Media,Digital,Alta,Cliente_promocional
C0072,Promocional,Tienda,Centro,Hogar,Media,Alta,Digital,Alta,Cliente_promocional
C0073,Promocional,Web,Norte,Tecnologia,Media,Media,Digital,Alta,Cliente_promocional
C0074,Frecuente,Web,Centro,Hogar,Alta,Alta,Digital,Alta,Cliente_promocional
C0075,Frecuente,Tienda,Norte,Servicios,Alta,Media,Digital,Alta,Cliente_leal
C0076,Nuevo,Tienda,Occidente,Alimentos,Baja,Media,Tarjeta,Media,Cliente_ocasional
C0077,Premium,Tienda,Centro,Tecnologia,Alta,Alta,Tarjeta,Alta,Cliente_leal
C0078,Frecuente,Web,Sur,Tecnologia,Alta,Alta,Tarjeta,Alta,Cliente_leal
C0079,Ocasional,Web,Centro,Alimentos,Baja,Media,Efectivo,Media,Cliente_ocasional
C0080,Nuevo,Tienda,Occidente,Moda,Baja,Baja,Tarjeta,Media,Cliente_ocasional
C0081,Premium,App,Norte,Tecnologia,Alta,Alta,Digital,Alta,Cliente_leal
C0082,Ocasional,Tienda,Centro,Servicios,Baja,Baja,Transferencia,Baja,Cliente_riesgo
C0083,Nuevo,Tienda,Centro,Alimentos,Baja,Media,Efectivo,Baja,Cliente_ocasional
C0084,Ocasional,Telefono,Norte,Servicios,Baja,Baja,Efectivo,Media,Cliente_riesgo
C0085,Premium,Tienda,Occidente,Tecnologia,Alta,Alta,Transferencia,Alta,Cliente_leal
C0086,Frecuente,App,Occidente,Tecnologia,Alta,Alta,Digital,Alta,Cliente_leal
C0087,Premium,App,Occidente,Servicios,Media,Alta,Transferencia,Alta,Cliente_leal
C0088,Ocasional,Tienda,Centro,Hogar,Baja,Media,Efectivo,Baja,Cliente_ocasional
C0089,Riesgo,Web,Norte,Moda,Baja,Baja,Tarjeta,Media,Cliente_riesgo
C0090,Frecuente,Web,Norte,Hogar,Alta,Alta,Tarjeta,Media,Cliente_leal
C0091,Ocasional,App,Centro,Moda,Baja,Baja,Efectivo,Baja,Cliente_ocasional
C0092,Riesgo,Tienda,Centro,Alimentos,Baja,Baja,Efectivo,Baja,Cliente_riesgo
C0093,Ocasional,Web,Norte,Hogar,Baja,Media,Efectivo,Baja,Cliente_ocasional
C0094,Frecuente,App,Occidente,Tecnologia,Alta,Alta,Transferencia,Alta,Cliente_leal
C0095,Ocasional,Web,Occidente,Alimentos,Baja,Media,Tarjeta,Media,Cliente_ocasional
C0096,Riesgo,Tienda,Norte,Alimentos,Baja,Baja,Efectivo,Baja,Cliente_riesgo
C0097,Riesgo,Tienda,Centro,Alimentos,Baja,Media,Tarjeta,Media,Cliente_riesgo
C0098,Ocasional,Tienda,Centro,Hogar,Media,Media,Tarjeta,Media,Cliente_ocasional
C0099,Riesgo,Web,Norte,Servicios,Baja,Baja,Efectivo,Baja,Cliente_riesgo
C0100,Frecuente,Web,Centro,Hogar,Alta,Alta,Tarjeta,Alta,Cliente_leal
C0101,Riesgo,Telefono,Centro,Servicios,Baja,Media,Efectivo,Baja,Cliente_riesgo
C0102,Frecuente,Web,Sur,Hogar,Alta,Media,Digital,Media,Cliente_promocional
C0103,Ocasional,Web,Sur,Moda,Media,Baja,Transferencia,Media,Cliente_riesgo
C0104,Promocional,Tienda,Occidente,Moda,Alta,Alta,Efectivo,Alta,Cliente_promocional
C0105,Promocional,App,Norte,Moda,Alta,Alta,Digital,Alta,Cliente_promocional
C0106,Nuevo,Tienda,Norte,Moda,Baja,Media,Digital,Media,Cliente_ocasional
C0107,Ocasional,Web,Centro,Moda,Baja,Media,Tarjeta,Media,Cliente_ocasional
C0108,Ocasional,Tienda,Centro,Alimentos,Media,Baja,Digital,Baja,Cliente_ocasional
C0109,Nuevo,Tienda,Centro,Moda,Baja,Media,Tarjeta,Media,Cliente_ocasional
C0110,Promocional,App,Centro,Hogar,Media,Media,Efectivo,Alta,Cliente_promocional
C0111,Riesgo,Tienda,Sur,Alimentos,Baja,Media,Efectivo,Media,Cliente_riesgo
C0112,Ocasional,Web,Norte,Moda,Baja,Media,Efectivo,Baja,Cliente_ocasional
C0113,Frecuente,Web,Occidente,Hogar,Alta,Media,Tarjeta,Alta,Cliente_promocional
C0114,Nuevo,Web,Centro,Alimentos,Baja,Media,Efectivo,Baja,Cliente_ocasional
C0115,Ocasional,Web,Norte,Moda,Baja,Baja,Efectivo,Baja,Cliente_riesgo
C0116,Premium,App,Norte,Tecnologia,Alta,Media,Transferencia,Alta,Cliente_leal
C0117,Promocional,App,Norte,Tecnologia,Media,Media,Digital,Alta,Cliente_promocional
C0118,Frecuente,Web,Sur,Servicios,Alta,Alta,Digital,Alta,Cliente_leal
C0119,Riesgo,Telefono,Norte,Servicios,Baja,Baja,Tarjeta,Media,Cliente_riesgo
C0120,Ocasional,App,Centro,Alimentos,Media,Baja,Digital,Baja,Cliente_ocasional
C0121,Nuevo,Tienda,Norte,Hogar,Media,Media,Efectivo,Baja,Cliente_ocasional
C0122,Ocasional,Web,Centro,Hogar,Baja,Media,Efectivo,Baja,Cliente_ocasional
C0123,Premium,App,Norte,Tecnologia,Media,Media,Tarjeta,Alta,Cliente_leal
C0124,Riesgo,Tienda,Centro,Alimentos,Baja,Baja,Transferencia,Baja,Cliente_riesgo
C0125,Riesgo,Tienda,Norte,Servicios,Media,Baja,Transferencia,Media,Cliente_riesgo
C0126,Riesgo,Tienda,Norte,Servicios,Baja,Media,Efectivo,Baja,Cliente_riesgo
C0127,Frecuente,Web,Norte,Servicios,Media,Alta,Tarjeta,Alta,Cliente_leal
C0128,Promocional,Tienda,Occidente,Tecnologia,Media,Media,Efectivo,Alta,Cliente_promocional
C0129,Promocional,App,Sur,Moda,Media,Alta,Digital,Alta,Cliente_promocional
C0130,Ocasional,Tienda,Norte,Alimentos,Baja,Baja,Tarjeta,Media,Cliente_riesgo
C0131,Premium,Web,Occidente,Tecnologia,Media,Alta,Transferencia,Alta,Cliente_leal
C0132,Promocional,Tienda,Occidente,Moda,Alta,Media,Efectivo,Alta,Cliente_promocional
C0133,Nuevo,App,Occidente,Hogar,Baja,Media,Digital,Media,Cliente_ocasional
C0134,Ocasional,Tienda,Norte,Moda,Baja,Media,Tarjeta,Media,Cliente_ocasional
C0135,Nuevo,Web,Norte,Alimentos,Baja,Media,Digital,Media,Cliente_ocasional
C0136,Frecuente,App,Occidente,Hogar,Media,Media,Tarjeta,Alta,Cliente_promocional
C0137,Nuevo,Tienda,Norte,Alimentos,Baja,Baja,Efectivo,Media,Cliente_ocasional
C0138,Premium,Web,Centro,Hogar,Media,Alta,Tarjeta,Alta,Cliente_leal
C0139,Frecuente,Web,Sur,Servicios,Alta,Alta,Transferencia,Media,Cliente_leal
C0140,Premium,Web,Occidente,Hogar,Media,Media,Digital,Media,Cliente_leal
C0141,Ocasional,Tienda,Sur,Moda,Media,Baja,Efectivo,Baja,Cliente_ocasional
C0142,Frecuente,Tienda,Norte,Hogar,Alta,Alta,Transferencia,Media,Cliente_leal
C0143,Premium,App,Occidente,Hogar,Alta,Alta,Tarjeta,Alta,Cliente_leal
C0144,Premium,App,Centro,Tecnologia,Alta,Alta,Digital,Alta,Cliente_leal
C0145,Ocasional,Tienda,Centro,Hogar,Baja,Media,Tarjeta,Media,Cliente_ocasional
C0146,Premium,Web,Sur,Tecnologia,Alta,Alta,Tarjeta,Media,Cliente_leal
C0147,Ocasional,Tienda,Centro,Hogar,Media,Media,Digital,Baja,Cliente_ocasional
C0148,Nuevo,App,Centro,Alimentos,Baja,Media,Efectivo,Media,Cliente_ocasional
C0149,Ocasional,Web,Occidente,Alimentos,Baja,Baja,Digital,Baja,Cliente_ocasional
C0150,Ocasional,Web,Norte,Alimentos,Baja,Baja,Tarjeta,Media,Cliente_ocasional
C0151,Ocasional,Tienda,Sur,Hogar,Baja,Media,Efectivo,Baja,Cliente_ocasional
C0152,Premium,App,Norte,Tecnologia,Alta,Media,Digital,Alta,Cliente_leal
C0153,Riesgo,Web,Norte,Servicios,Baja,Baja,Tarjeta,Media,Cliente_riesgo
C0154,Premium,App,Norte,Tecnologia,Alta,Alta,Tarjeta,Media,Cliente_leal
C0155,Ocasional,Web,Centro,Alimentos,Media,Media,Efectivo,Media,Cliente_ocasional
C0156,Ocasional,Tienda,Norte,Alimentos,Baja,Media,Efectivo,Media,Cliente_ocasional
C0157,Nuevo,Tienda,Norte,Alimentos,Baja,Media,Efectivo,Baja,Cliente_ocasional
C0158,Promocional,App,Occidente,Moda,Media,Alta,Digital,Alta,Cliente_promocional
C0159,Ocasional,Tienda,Sur,Moda,Baja,Media,Efectivo,Baja,Cliente_riesgo
C0160,Premium,App,Occidente,Hogar,Alta,Alta,Digital,Alta,Cliente_leal
C0161,Frecuente,App,Occidente,Tecnologia,Media,Alta,Tarjeta,Alta,Cliente_leal
C0162,Frecuente,App,Centro,Tecnologia,Alta,Alta,Digital,Alta,Cliente_leal
C0163,Promocional,App,Centro,Tecnologia,Media,Media,Efectivo,Alta,Cliente_promocional
C0164,Riesgo,Tienda,Sur,Alimentos,Baja,Baja,Efectivo,Baja,Cliente_riesgo
C0165,Ocasional,Tienda,Norte,Moda,Media,Media,Efectivo,Baja,Cliente_ocasional
C0166,Promocional,Tienda,Sur,Moda,Alta,Media,Digital,Alta,Cliente_promocional
C0167,Riesgo,Tienda,Sur,Moda,Baja,Baja,Efectivo,Baja,Cliente_riesgo
C0168,Premium,Tienda,Centro,Servicios,Alta,Alta,Tarjeta,Media,Cliente_leal
C0169,Ocasional,Tienda,Norte,Moda,Baja,Media,Tarjeta,Media,Cliente_riesgo
C0170,Promocional,Web,Sur,Hogar,Media,Media,Digital,Alta,Cliente_promocional
C0171,Frecuente,App,Sur,Tecnologia,Media,Media,Efectivo,Alta,Cliente_promocional
C0172,Nuevo,App,Centro,Alimentos,Baja,Media,Efectivo,Media,Cliente_ocasional
C0173,Riesgo,Telefono,Sur,Servicios,Baja,Media,Tarjeta,Baja,Cliente_riesgo
C0174,Frecuente,Tienda,Centro,Tecnologia,Alta,Alta,Digital,Alta,Cliente_leal
C0175,Frecuente,App,Norte,Tecnologia,Media,Alta,Tarjeta,Media,Cliente_leal
C0176,Riesgo,Tienda,Sur,Servicios,Baja,Baja,Efectivo,Baja,Cliente_riesgo
C0177,Ocasional,Web,Centro,Moda,Media,Media,Transferencia,Media,Cliente_riesgo
C0178,Ocasional,App,Sur,Alimentos,Media,Media,Efectivo,Media,Cliente_ocasional
C0179,Riesgo,Web,Norte,Alimentos,Baja,Baja,Transferencia,Baja,Cliente_riesgo
C0180,Frecuente,App,Centro,Tecnologia,Alta,Alta,Tarjeta,Alta,Cliente_leal
C0181,Frecuente,App,Norte,Hogar,Alta,Alta,Tarjeta,Media,Cliente_leal
C0182,Premium,Web,Norte,Tecnologia,Alta,Alta,Tarjeta,Alta,Cliente_leal
C0183,Premium,App,Norte,Servicios,Alta,Alta,Tarjeta,Alta,Cliente_leal
C0184,Ocasional,Tienda,Norte,Alimentos,Media,Baja,Tarjeta,Baja,Cliente_ocasional
C0185,Riesgo,Tienda,Norte,Servicios,Baja,Baja,Tarjeta,Baja,Cliente_riesgo
C0186,Premium,App,Sur,Servicios,Alta,Alta,Tarjeta,Alta,Cliente_leal
C0187,Premium,App,Norte,Hogar,Alta,Alta,Tarjeta,Alta,Cliente_leal
C0188,Frecuente,App,Centro,Tecnologia,Media,Alta,Digital,Media,Cliente_leal
C0189,Ocasional,Web,Sur,Alimentos,Media,Baja,Tarjeta,Baja,Cliente_riesgo
C0190,Ocasional,Tienda,Centro,Moda,Baja,Baja,Efectivo,Baja,Cliente_ocasional
C0191,Riesgo,Tienda,Norte,Alimentos,Baja,Baja,Efectivo,Baja,Cliente_riesgo
C0192,Premium,Web,Centro,Servicios,Alta,Media,Digital,Media,Cliente_leal
C0193,Premium,App,Sur,Tecnologia,Alta,Media,Digital,Alta,Cliente_leal
C0194,Premium,App,Centro,Hogar,Alta,Alta,Digital,Alta,Cliente_leal
C0195,Ocasional,Telefono,Centro,Moda,Baja,Media,Transferencia,Baja,Cliente_riesgo
C0196,Frecuente,Tienda,Sur,Hogar,Alta,Alta,Digital,Media,Cliente_promocional
C0197,Frecuente,App,Occidente,Tecnologia,Alta,Alta,Tarjeta,Media,Cliente_leal
C0198,Premium,App,Centro,Tecnologia,Media,Media,Tarjeta,Alta,Cliente_leal
C0199,Premium,Web,Sur,Servicios,Alta,Media,Tarjeta,Media,Cliente_leal
C0200,Frecuente,App,Norte,Tecnologia,Alta,Media,Transferencia,Alta,Cliente_leal
C0201,Frecuente,App,Norte,Hogar,Media,Alta,Tarjeta,Media,Cliente_leal
C0202,Ocasional,App,Sur,Moda,Baja,Baja,Tarjeta,Baja,Cliente_ocasional
C0203,Frecuente,App,Centro,Hogar,Alta,Alta,Transferencia,Alta,Cliente_leal
C0204,Premium,Tienda,Occidente,Tecnologia,Alta,Alta,Tarjeta,Media,Cliente_leal
C0205,Premium,App,Occidente,Tecnologia,Alta,Alta,Tarjeta,Alta,Cliente_leal
C0206,Ocasional,Tienda,Occidente,Servicios,Baja,Media,Efectivo,Media,Cliente_riesgo
C0207,Ocasional,Web,Sur,Hogar,Media,Media,Tarjeta,Media,Cliente_ocasional
C0208,Frecuente,Web,Occidente,Hogar,Alta,Alta,Transferencia,Alta,Cliente_leal
C0209,Ocasional,Web,Norte,Hogar,Baja,Media,Efectivo,Baja,Cliente_ocasional
C0210,Riesgo,Tienda,Centro,Servicios,Media,Media,Tarjeta,Baja,Cliente_riesgo
C0211,Ocasional,Tienda,Norte,Alimentos,Baja,Media,Tarjeta,Baja,Cliente_ocasional
C0212,Nuevo,Web,Sur,Hogar,Baja,Media,Efectivo,Baja,Cliente_ocasional
C0213,Promocional,App,Sur,Hogar,Media,Media,Efectivo,Alta,Cliente_promocional
C0214,Frecuente,Web,Occidente,Hogar,Alta,Alta,Transferencia,Media,Cliente_leal
C0215,Frecuente,App,Norte,Servicios,Alta,Alta,Tarjeta,Alta,Cliente_leal
C0216,Frecuente,Web,Sur,Tecnologia,Media,Media,Efectivo,Media,Cliente_promocional
C0217,Promocional,Tienda,Centro,Tecnologia,Media,Media,Digital,Alta,Cliente_promocional
C0218,Promocional,Web,Sur,Hogar,Media,Media,Digital,Alta,Cliente_promocional
C0219,Premium,App,Occidente,Tecnologia,Alta,Alta,Transferencia,Media,Cliente_leal
C0220,Frecuente,App,Sur,Hogar,Alta,Alta,Tarjeta,Media,Cliente_leal
C0221,Premium,Web,Centro,Tecnologia,Alta,Media,Transferencia,Alta,Cliente_leal
C0222,Riesgo,Web,Centro,Alimentos,Baja,Baja,Transferencia,Media,Cliente_riesgo
C0223,Ocasional,Tienda,Centro,Moda,Baja,Media,Tarjeta,Baja,Cliente_ocasional
C0224,Ocasional,Tienda,Norte,Moda,Baja,Baja,Digital,Media,Cliente_ocasional
C0225,Premium,App,Occidente,Servicios,Alta,Alta,Tarjeta,Alta,Cliente_leal
C0226,Frecuente,Tienda,Occidente,Tecnologia,Alta,Alta,Digital,Media,Cliente_leal
C0227,Promocional,Tienda,Sur,Moda,Media,Alta,Efectivo,Alta,Cliente_promocional
C0228,Nuevo,Web,Centro,Alimentos,Baja,Media,Tarjeta,Baja,Cliente_ocasional
C0229,Nuevo,Tienda,Centro,Alimentos,Media,Media,Efectivo,Media,Cliente_ocasional
C0230,Ocasional,Web,Centro,Moda,Baja,Media,Tarjeta,Baja,Cliente_ocasional
C0231,Ocasional,Web,Centro,Alimentos,Baja,Media,Efectivo,Baja,Cliente_ocasional
C0232,Premium,Web,Norte,Tecnologia,Alta,Alta,Transferencia,Alta,Cliente_leal
C0233,Premium,Web,Norte,Hogar,Media,Alta,Digital,Media,Cliente_leal
C0234,Nuevo,Web,Norte,Moda,Baja,Media,Efectivo,Baja,Cliente_ocasional
C0235,Frecuente,Web,Centro,Moda,Alta,Alta,Tarjeta,Alta,Cliente_promocional
C0236,Promocional,Web,Centro,Tecnologia,Alta,Media,Tarjeta,Media,Cliente_promocional
C0237,Premium,App,Occidente,Hogar,Alta,Media,Digital,Media,Cliente_leal
C0238,Promocional,App,Centro,Hogar,Alta,Media,Digital,Alta,Cliente_promocional
C0239,Promocional,App,Norte,Tecnologia,Alta,Alta,Efectivo,Alta,Cliente_promocional
C0240,Nuevo,Web,Sur,Moda,Baja,Media,Efectivo,Baja,Cliente_ocasional
C0241,Nuevo,Web,Norte,Hogar,Baja,Baja,Efectivo,Baja,Cliente_ocasional
C0242,Premium,Tienda,Norte,Servicios,Alta,Alta,Transferencia,Alta,Cliente_leal
C0243,Ocasional,Web,Centro,Moda,Baja,Baja,Efectivo,Media,Cliente_ocasional
C0244,Ocasional,Tienda,Centro,Alimentos,Baja,Media,Tarjeta,Media,Cliente_ocasional
C0245,Ocasional,Web,Centro,Alimentos,Baja,Baja,Digital,Media,Cliente_ocasional
C0246,Promocional,Web,Sur,Hogar,Media,Alta,Tarjeta,Media,Cliente_promocional
C0247,Frecuente,Web,Centro,Hogar,Alta,Media,Tarjeta,Alta,Cliente_promocional
C0248,Nuevo,Tienda,Sur,Moda,Media,Baja,Efectivo,Media,Cliente_ocasional
C0249,Premium,App,Sur,Servicios,Alta,Media,Tarjeta,Alta,Cliente_leal
C0250,Riesgo,Tienda,Sur,Moda,Baja,Baja,Transferencia,Baja,Cliente_riesgo
C0251,Frecuente,App,Centro,Servicios,Alta,Alta,Tarjeta,Alta,Cliente_leal
C0252,Frecuente,Web,Centro,Tecnologia,Alta,Alta,Tarjeta,Alta,Cliente_leal
C0253,Ocasional,Tienda,Centro,Hogar,Baja,Media,Efectivo,Media,Cliente_ocasional
C0254,Ocasional,App,Sur,Hogar,Media,Baja,Efectivo,Media,Cliente_ocasional
C0255,Nuevo,Tienda,Norte,Alimentos,Baja,Media,Digital,Media,Cliente_ocasional
C0256,Frecuente,App,Sur,Hogar,Media,Media,Tarjeta,Alta,Cliente_promocional
C0257,Promocional,App,Sur,Moda,Media,Media,Tarjeta,Media,Cliente_promocional
C0258,Ocasional,App,Sur,Alimentos,Baja,Media,Efectivo,Media,Cliente_ocasional
C0259,Promocional,Web,Centro,Tecnologia,Media,Media,Tarjeta,Alta,Cliente_promocional
C0260,Ocasional,App,Sur,Alimentos,Baja,Media,Tarjeta,Baja,Cliente_ocasional
C0261,Ocasional,Tienda,Centro,Hogar,Media,Media,Efectivo,Media,Cliente_ocasional
C0262,Riesgo,Tienda,Norte,Moda,Media,Baja,Efectivo,Baja,Cliente_riesgo
C0263,Premium,Tienda,Centro,Tecnologia,Alta,Alta,Tarjeta,Media,Cliente_leal
C0264,Riesgo,Tienda,Centro,Servicios,Media,Baja,Tarjeta,Baja,Cliente_riesgo
C0265,Promocional,App,Sur,Hogar,Alta,Media,Tarjeta,Alta,Cliente_promocional
C0266,Frecuente,App,Sur,Servicios,Alta,Alta,Transferencia,Media,Cliente_leal
C0267,Promocional,Tienda,Sur,Hogar,Media,Media,Digital,Alta,Cliente_promocional
C0268,Promocional,App,Centro,Moda,Alta,Media,Tarjeta,Alta,Cliente_promocional
C0269,Promocional,Tienda,Centro,Moda,Alta,Alta,Digital,Alta,Cliente_promocional
C0270,Promocional,App,Centro,Tecnologia,Media,Media,Digital,Media,Cliente_promocional
C0271,Ocasional,Web,Sur,Hogar,Media,Baja,Digital,Baja,Cliente_ocasional
C0272,Ocasional,App,Sur,Moda,Baja,Media,Digital,Media,Cliente_ocasional
C0273,Promocional,App,Centro,Hogar,Media,Media,Tarjeta,Alta,Cliente_promocional
C0274,Ocasional,App,Centro,Moda,Baja,Media,Efectivo,Media,Cliente_ocasional
C0275,Frecuente,Web,Norte,Tecnologia,Media,Media,Transferencia,Alta,Cliente_leal
C0276,Frecuente,Tienda,Sur,Moda,Media,Alta,Tarjeta,Alta,Cliente_promocional
C0277,Frecuente,Tienda,Norte,Servicios,Alta,Media,Tarjeta,Media,Cliente_leal
C0278,Ocasional,Tienda,Norte,Alimentos,Baja,Baja,Tarjeta,Baja,Cliente_riesgo
C0279,Premium,App,Norte,Hogar,Alta,Alta,Tarjeta,Alta,Cliente_leal
C0280,Riesgo,Tienda,Sur,Alimentos,Baja,Media,Tarjeta,Baja,Cliente_riesgo
C0281,Frecuente,Tienda,Centro,Moda,Media,Media,Efectivo,Alta,Cliente_promocional
C0282,Premium,Tienda,Norte,Servicios,Alta,Alta,Digital,Media,Cliente_leal
C0283,Ocasional,Tienda,Norte,Moda,Baja,Media,Digital,Baja,Cliente_ocasional
C0284,Frecuente,App,Sur,Hogar,Media,Alta,Tarjeta,Media,Cliente_promocional
C0285,Ocasional,Web,Sur,Moda,Baja,Baja,Efectivo,Media,Cliente_riesgo
C0286,Frecuente,Tienda,Occidente,Tecnologia,Alta,Alta,Tarjeta,Alta,Cliente_leal
C0287,Promocional,App,Centro,Hogar,Alta,Media,Tarjeta,Alta,Cliente_promocional
C0288,Frecuente,Web,Centro,Tecnologia,Media,Media,Efectivo,Media,Cliente_promocional
C0289,Ocasional,App,Centro,Alimentos,Baja,Baja,Tarjeta,Media,Cliente_ocasional
C0290,Frecuente,Web,Norte,Tecnologia,Media,Alta,Tarjeta,Media,Cliente_leal
C0291,Premium,App,Occidente,Hogar,Alta,Media,Digital,Alta,Cliente_leal
C0292,Promocional,Web,Norte,Tecnologia,Media,Media,Digital,Alta,Cliente_promocional
C0293,Riesgo,Web,Sur,Servicios,Baja,Media,Transferencia,Baja,Cliente_riesgo
C0294,Nuevo,Web,Centro,Moda,Media,Media,Tarjeta,Baja,Cliente_ocasional
C0295,Frecuente,Web,Centro,Tecnologia,Alta,Alta,Tarjeta,Alta,Cliente_promocional
C0296,Ocasional,Web,Sur,Alimentos,Baja,Baja,Transferencia,Baja,Cliente_riesgo
C0297,Frecuente,Web,Occidente,Tecnologia,Media,Media,Digital,Media,Cliente_promocional
C0298,Nuevo,Tienda,Centro,Alimentos,Baja,Baja,Efectivo,Media,Cliente_ocasional
C0299,Nuevo,Tienda,Sur,Moda,Media,Media,Tarjeta,Baja,Cliente_ocasional
C0300,Frecuente,App,Norte,Hogar,Alta,Alta,Digital,Media,Cliente_leal
C0301,Nuevo,Tienda,Occidente,Alimentos,Media,Media,Digital,Baja,Cliente_ocasional
C0302,Ocasional,Web,Centro,Hogar,Baja,Baja,Tarjeta,Media,Cliente_ocasional
C0303,Ocasional,Web,Occidente,Moda,Baja,Baja,Efectivo,Media,Cliente_riesgo
C0304,Ocasional,Web,Norte,Alimentos,Baja,Media,Digital,Media,Cliente_ocasional
C0305,Premium,App,Norte,Tecnologia,Alta,Alta,Transferencia,Media,Cliente_leal
C0306,Ocasional,Tienda,Centro,Moda,Baja,Baja,Transferencia,Baja,Cliente_riesgo
C0307,Ocasional,App,Sur,Alimentos,Media,Media,Efectivo,Baja,Cliente_ocasional
C0308,Ocasional,Web,Sur,Moda,Baja,Baja,Tarjeta,Media,Cliente_ocasional
C0309,Nuevo,Web,Norte,Alimentos,Media,Media,Efectivo,Media,Cliente_ocasional
C0310,Promocional,Tienda,Sur,Hogar,Media,Media,Digital,Media,Cliente_promocional
C0311,Nuevo,Tienda,Norte,Alimentos,Baja,Media,Efectivo,Baja,Cliente_ocasional
C0312,Ocasional,Tienda,Sur,Alimentos,Baja,Baja,Efectivo,Media,Cliente_ocasional
C0313,Frecuente,App,Norte,Tecnologia,Alta,Alta,Tarjeta,Media,Cliente_leal
C0314,Ocasional,App,Occidente,Alimentos,Baja,Media,Digital,Baja,Cliente_ocasional
C0315,Frecuente,Web,Centro,Hogar,Alta,Alta,Transferencia,Alta,Cliente_leal
C0316,Premium,App,Occidente,Servicios,Alta,Alta,Tarjeta,Alta,Cliente_leal
C0317,Nuevo,App,Norte,Hogar,Baja,Media,Efectivo,Media,Cliente_ocasional
C0318,Frecuente,App,Sur,Tecnologia,Alta,Alta,Digital,Media,Cliente_leal
C0319,Promocional,Tienda,Norte,Hogar,Media,Media,Efectivo,Alta,Cliente_promocional
C0320,Ocasional,Web,Sur,Alimentos,Baja,Media,Digital,Baja,Cliente_ocasional
C0321,Ocasional,Web,Sur,Hogar,Media,Media,Digital,Baja,Cliente_ocasional
C0322,Promocional,Web,Sur,Moda,Alta,Media,Digital,Alta,Cliente_promocional
C0323,Frecuente,App,Norte,Tecnologia,Media,Alta,Tarjeta,Media,Cliente_leal
C0324,Premium,App,Sur,Hogar,Alta,Alta,Transferencia,Alta,Cliente_leal
C0325,Ocasional,Tienda,Sur,Hogar,Media,Media,Efectivo,Baja,Cliente_ocasional
C0326,Frecuente,App,Centro,Hogar,Media,Media,Efectivo,Alta,Cliente_promocional
C0327,Ocasional,App,Centro,Moda,Baja,Media,Tarjeta,Baja,Cliente_ocasional
C0328,Nuevo,Tienda,Centro,Moda,Media,Baja,Tarjeta,Media,Cliente_ocasional
C0329,Ocasional,Tienda,Sur,Moda,Media,Media,Tarjeta,Baja,Cliente_ocasional
C0330,Promocional,App,Centro,Hogar,Media,Alta,Tarjeta,Alta,Cliente_promocional
C0331,Ocasional,Web,Sur,Moda,Media,Media,Tarjeta,Baja,Cliente_ocasional
C0332,Riesgo,Telefono,Sur,Moda,Baja,Baja,Tarjeta,Baja,Cliente_riesgo
C0333,Ocasional,Tienda,Occidente,Hogar,Baja,Media,Efectivo,Media,Cliente_ocasional
C0334,Riesgo,Tienda,Occidente,Servicios,Baja,Media,Efectivo,Media,Cliente_riesgo
C0335,Promocional,App,Occidente,Hogar,Media,Media,Digital,Alta,Cliente_promocional
C0336,Ocasional,App,Centro,Hogar,Baja,Baja,Efectivo,Baja,Cliente_ocasional
C0337,Frecuente,Web,Centro,Servicios,Alta,Alta,Transferencia,Media,Cliente_leal
C0338,Riesgo,Tienda,Sur,Servicios,Baja,Media,Efectivo,Media,Cliente_riesgo
C0339,Premium,App,Norte,Tecnologia,Alta,Media,Tarjeta,Media,Cliente_leal
C0340,Premium,Tienda,Occidente,Tecnologia,Media,Alta,Tarjeta,Alta,Cliente_leal
C0341,Premium,App,Occidente,Hogar,Alta,Alta,Digital,Media,Cliente_leal
C0342,Ocasional,App,Centro,Moda,Baja,Baja,Digital,Media,Cliente_ocasional
C0343,Ocasional,App,Sur,Alimentos,Media,Media,Digital,Media,Cliente_ocasional
C0344,Riesgo,Tienda,Norte,Alimentos,Baja,Media,Transferencia,Baja,Cliente_riesgo
C0345,Ocasional,App,Sur,Moda,Baja,Baja,Digital,Baja,Cliente_ocasional
C0346,Promocional,Web,Centro,Tecnologia,Media,Media,Digital,Alta,Cliente_promocional
C0347,Promocional,Web,Occidente,Tecnologia,Media,Alta,Efectivo,Alta,Cliente_promocional
C0348,Frecuente,Tienda,Sur,Tecnologia,Media,Alta,Digital,Alta,Cliente_leal
C0349,Riesgo,Tienda,Occidente,Alimentos,Baja,Baja,Efectivo,Media,Cliente_riesgo
C0350,Promocional,App,Occidente,Hogar,Media,Alta,Tarjeta,Alta,Cliente_promocional
C0351,Frecuente,Tienda,Sur,Tecnologia,Alta,Alta,Transferencia,Media,Cliente_leal
C0352,Premium,App,Sur,Tecnologia,Alta,Alta,Tarjeta,Media,Cliente_leal
C0353,Promocional,Web,Centro,Tecnologia,Media,Media,Tarjeta,Media,Cliente_promocional
C0354,Promocional,Web,Norte,Hogar,Media,Media,Efectivo,Media,Cliente_promocional
C0355,Promocional,App,Sur,Tecnologia,Alta,Media,Digital,Alta,Cliente_promocional
C0356,Ocasional,Tienda,Sur,Hogar,Baja,Baja,Efectivo,Media,Cliente_ocasional
C0357,Promocional,Web,Norte,Moda,Media,Media,Tarjeta,Alta,Cliente_promocional
C0358,Nuevo,Tienda,Centro,Moda,Baja,Media,Tarjeta,Media,Cliente_ocasional
C0359,Promocional,Tienda,Sur,Moda,Alta,Alta,Digital,Media,Cliente_promocional
C0360,Ocasional,Tienda,Centro,Alimentos,Baja,Baja,Tarjeta,Media,Cliente_ocasional
C0361,Premium,Web,Centro,Tecnologia,Alta,Media,Tarjeta,Alta,Cliente_leal
C0362,Promocional,Tienda,Sur,Moda,Media,Media,Digital,Alta,Cliente_promocional
C0363,Premium,Web,Centro,Hogar,Alta,Alta,Digital,Alta,Cliente_leal
C0364,Promocional,Web,Centro,Tecnologia,Media,Media,Tarjeta,Alta,Cliente_promocional
C0365,Promocional,Web,Occidente,Moda,Alta,Alta,Tarjeta,Media,Cliente_promocional
C0366,Promocional,Web,Centro,Moda,Media,Media,Digital,Alta,Cliente_promocional
C0367,Premium,Tienda,Centro,Tecnologia,Media,Alta,Transferencia,Media,Cliente_leal
C0368,Promocional,Web,Sur,Tecnologia,Alta,Media,Efectivo,Media,Cliente_promocional
C0369,Promocional,Tienda,Norte,Moda,Media,Alta,Tarjeta,Alta,Cliente_promocional
C0370,Ocasional,Web,Norte,Servicios,Baja,Media,Efectivo,Baja,Cliente_riesgo
C0371,Nuevo,Tienda,Centro,Moda,Media,Baja,Tarjeta,Media,Cliente_ocasional
C0372,Ocasional,App,Occidente,Alimentos,Baja,Media,Digital,Baja,Cliente_ocasional
C0373,Frecuente,Web,Occidente,Hogar,Media,Alta,Digital,Media,Cliente_leal
C0374,Ocasional,Web,Centro,Hogar,Baja,Media,Tarjeta,Baja,Cliente_ocasional
C0375,Frecuente,Web,Norte,Tecnologia,Media,Media,Transferencia,Alta,Cliente_leal
C0376,Riesgo,Tienda,Centro,Servicios,Media,Media,Tarjeta,Baja,Cliente_riesgo
C0377,Frecuente,Web,Centro,Hogar,Alta,Alta,Tarjeta,Media,Cliente_leal
C0378,Nuevo,App,Centro,Hogar,Baja,Media,Tarjeta,Media,Cliente_ocasional
C0379,Frecuente,Web,Sur,Hogar,Media,Alta,Tarjeta,Media,Cliente_promocional
C0380,Premium,App,Occidente,Servicios,Media,Alta,Tarjeta,Alta,Cliente_leal
C0381,Promocional,Tienda,Centro,Hogar,Media,Media,Digital,Media,Cliente_promocional
C0382,Ocasional,Web,Occidente,Alimentos,Media,Baja,Tarjeta,Baja,Cliente_riesgo
C0383,Nuevo,App,Occidente,Alimentos,Baja,Media,Digital,Media,Cliente_ocasional
C0384,Ocasional,Web,Centro,Moda,Baja,Media,Tarjeta,Baja,Cliente_ocasional
C0385,Promocional,Tienda,Sur,Moda,Media,Media,Tarjeta,Media,Cliente_promocional
C0386,Premium,App,Occidente,Hogar,Media,Alta,Tarjeta,Alta,Cliente_leal
C0387,Promocional,App,Norte,Hogar,Media,Alta,Digital,Alta,Cliente_promocional
C0388,Ocasional,Tienda,Sur,Moda,Baja,Baja,Tarjeta,Media,Cliente_ocasional
C0389,Ocasional,Tienda,Occidente,Servicios,Baja,Baja,Efectivo,Media,Cliente_riesgo
C0390,Ocasional,Web,Sur,Moda,Baja,Baja,Tarjeta,Media,Cliente_ocasional
C0391,Ocasional,Tienda,Centro,Alimentos,Baja,Media,Tarjeta,Media,Cliente_ocasional
C0392,Ocasional,Web,Centro,Moda,Baja,Baja,Tarjeta,Baja,Cliente_ocasional
C0393,Premium,App,Centro,Hogar,Alta,Alta,Tarjeta,Alta,Cliente_leal
C0394,Frecuente,Web,Norte,Moda,Alta,Media,Tarjeta,Alta,Cliente_promocional
C0395,Ocasional,Tienda,Centro,Alimentos,Baja,Baja,Efectivo,Baja,Cliente_ocasional
C0396,Premium,Web,Sur,Servicios,Media,Alta,Tarjeta,Alta,Cliente_leal
C0397,Frecuente,App,Centro,Hogar,Media,Alta,Digital,Media,Cliente_promocional
C0398,Frecuente,App,Norte,Tecnologia,Alta,Media,Tarjeta,Alta,Cliente_promocional
C0399,Riesgo,Telefono,Norte,Servicios,Baja,Baja,Efectivo,Baja,Cliente_riesgo
C0400,Riesgo,Tienda,Norte,Servicios,Baja,Baja,Efectivo,Baja,Cliente_riesgo
C0401,Riesgo,Tienda,Sur,Alimentos,Baja,Baja,Efectivo,Baja,Cliente_riesgo
C0402,Ocasional,App,Sur,Hogar,Media,Media,Efectivo,Baja,Cliente_ocasional
C0403,Nuevo,App,Centro,Moda,Baja,Media,Efectivo,Baja,Cliente_ocasional
C0404,Riesgo,Telefono,Norte,Servicios,Baja,Media,Transferencia,Baja,Cliente_riesgo
C0405,Ocasional,App,Centro,Alimentos,Baja,Media,Efectivo,Media,Cliente_ocasional
C0406,Premium,App,Centro,Tecnologia,Alta,Media,Tarjeta,Alta,Cliente_leal
C0407,Premium,Tienda,Norte,Hogar,Alta,Media,Tarjeta,Alta,Cliente_leal
C0408,Premium,Tienda,Centro,Hogar,Alta,Media,Tarjeta,Media,Cliente_leal
C0409,Frecuente,App,Norte,Tecnologia,Media,Media,Tarjeta,Alta,Cliente_promocional
C0410,Nuevo,Tienda,Sur,Moda,Media,Media,Tarjeta,Media,Cliente_ocasional
C0411,Ocasional,App,Sur,Alimentos,Baja,Media,Efectivo,Baja,Cliente_ocasional
C0412,Ocasional,Tienda,Sur,Moda,Baja,Media,Digital,Media,Cliente_ocasional
C0413,Premium,Web,Norte,Tecnologia,Alta,Alta,Tarjeta,Media,Cliente_leal
C0414,Ocasional,App,Occidente,Moda,Baja,Baja,Tarjeta,Media,Cliente_ocasional
C0415,Ocasional,Web,Occidente,Hogar,Media,Media,Digital,Media,Cliente_ocasional
C0416,Ocasional,Tienda,Occidente,Moda,Media,Baja,Tarjeta,Baja,Cliente_ocasional
C0417,Premium,App,Occidente,Tecnologia,Alta,Alta,Transferencia,Alta,Cliente_leal
C0418,Riesgo,Tienda,Sur,Servicios,Baja,Baja,Transferencia,Baja,Cliente_riesgo
C0419,Riesgo,Tienda,Sur,Servicios,Baja,Media,Efectivo,Baja,Cliente_riesgo
C0420,Frecuente,App,Occidente,Tecnologia,Alta,Alta,Tarjeta,Alta,Cliente_leal
C0421,Premium,Tienda,Centro,Tecnologia,Alta,Alta,Transferencia,Media,Cliente_leal
C0422,Promocional,Tienda,Norte,Hogar,Media,Alta,Tarjeta,Media,Cliente_promocional
C0423,Ocasional,Tienda,Sur,Alimentos,Media,Media,Tarjeta,Media,Cliente_ocasional
C0424,Riesgo,Telefono,Sur,Moda,Baja,Baja,Tarjeta,Baja,Cliente_riesgo
C0425,Frecuente,Tienda,Centro,Servicios,Media,Alta,Tarjeta,Alta,Cliente_leal
C0426,Frecuente,Web,Norte,Tecnologia,Alta,Alta,Transferencia,Alta,Cliente_leal
C0427,Premium,Web,Sur,Tecnologia,Alta,Alta,Transferencia,Alta,Cliente_leal
C0428,Promocional,Web,Sur,Moda,Alta,Media,Tarjeta,Alta,Cliente_promocional
C0429,Frecuente,App,Centro,Tecnologia,Alta,Alta,Digital,Alta,Cliente_leal
C0430,Frecuente,Tienda,Norte,Moda,Media,Media,Digital,Media,Cliente_promocional
C0431,Ocasional,Tienda,Occidente,Moda,Baja,Media,Efectivo,Baja,Cliente_ocasional
C0432,Promocional,App,Centro,Moda,Media,Media,Digital,Alta,Cliente_promocional
C0433,Frecuente,App,Centro,Hogar,Alta,Media,Tarjeta,Alta,Cliente_leal
C0434,Frecuente,Web,Occidente,Tecnologia,Alta,Media,Tarjeta,Alta,Cliente_leal
C0435,Ocasional,Tienda,Occidente,Hogar,Baja,Media,Tarjeta,Baja,Cliente_ocasional
C0436,Ocasional,Tienda,Norte,Alimentos,Baja,Baja,Digital,Media,Cliente_ocasional
C0437,Premium,App,Occidente,Servicios,Alta,Alta,Tarjeta,Alta,Cliente_leal
C0438,Nuevo,Tienda,Occidente,Moda,Media,Baja,Tarjeta,Media,Cliente_ocasional
C0439,Nuevo,App,Centro,Alimentos,Media,Media,Efectivo,Baja,Cliente_ocasional
C0440,Promocional,Web,Centro,Tecnologia,Alta,Media,Digital,Alta,Cliente_promocional
C0441,Nuevo,Web,Norte,Alimentos,Media,Media,Efectivo,Media,Cliente_ocasional
C0442,Ocasional,Web,Sur,Moda,Baja,Baja,Efectivo,Baja,Cliente_ocasional
C0443,Riesgo,Telefono,Centro,Alimentos,Baja,Baja,Tarjeta,Media,Cliente_riesgo
C0444,Ocasional,App,Norte,Moda,Baja,Baja,Digital,Media,Cliente_ocasional
C0445,Premium,App,Occidente,Hogar,Alta,Alta,Tarjeta,Media,Cliente_leal
C0446,Frecuente,App,Occidente,Hogar,Alta,Alta,Digital,Alta,Cliente_leal
C0447,Frecuente,Tienda,Sur,Tecnologia,Alta,Alta,Digital,Alta,Cliente_leal
C0448,Riesgo,Telefono,Sur,Servicios,Media,Baja,Tarjeta,Baja,Cliente_riesgo
C0449,Riesgo,Telefono,Occidente,Servicios,Baja,Baja,Efectivo,Baja,Cliente_riesgo
C0450,Riesgo,Tienda,Occidente,Alimentos,Media,Baja,Efectivo,Baja,Cliente_riesgo
C0451,Premium,Web,Sur,Tecnologia,Alta,Alta,Digital,Alta,Cliente_leal
C0452,Ocasional,Tienda,Centro,Alimentos,Baja,Baja,Efectivo,Baja,Cliente_ocasional
C0453,Nuevo,Tienda,Sur,Moda,Baja,Media,Digital,Media,Cliente_ocasional
C0454,Nuevo,Tienda,Sur,Alimentos,Baja,Baja,Efectivo,Media,Cliente_ocasional
C0455,Promocional,App,Occidente,Moda,Alta,Alta,Efectivo,Alta,Cliente_promocional
C0456,Premium,App,Sur,Tecnologia,Alta,Alta,Digital,Alta,Cliente_leal
C0457,Promocional,Tienda,Norte,Hogar,Media,Media,Digital,Alta,Cliente_promocional
C0458,Ocasional,Web,Centro,Moda,Media,Media,Tarjeta,Baja,Cliente_ocasional
C0459,Ocasional,Tienda,Sur,Alimentos,Baja,Baja,Transferencia,Baja,Cliente_riesgo
C0460,Ocasional,Tienda,Norte,Moda,Baja,Media,Efectivo,Baja,Cliente_ocasional
C0461,Frecuente,Web,Norte,Hogar,Media,Media,Efectivo,Media,Cliente_promocional
C0462,Ocasional,Tienda,Norte,Alimentos,Baja,Media,Efectivo,Media,Cliente_ocasional
C0463,Ocasional,Web,Centro,Alimentos,Media,Media,Tarjeta,Baja,Cliente_ocasional
C0464,Premium,Web,Centro,Hogar,Alta,Media,Transferencia,Alta,Cliente_leal
C0465,Frecuente,App,Sur,Tecnologia,Media,Alta,Tarjeta,Alta,Cliente_promocional
C0466,Premium,Web,Norte,Hogar,Alta,Media,Digital,Media,Cliente_leal
C0467,Promocional,Web,Occidente,Moda,Media,Alta,Tarjeta,Alta,Cliente_promocional
C0468,Promocional,Web,Centro,Tecnologia,Media,Media,Digital,Alta,Cliente_promocional
C0469,Frecuente,Web,Sur,Tecnologia,Alta,Alta,Digital,Alta,Cliente_leal
C0470,Frecuente,App,Norte,Tecnologia,Media,Media,Digital,Alta,Cliente_promocional
C0471,Promocional,Web,Centro,Hogar,Alta,Media,Tarjeta,Alta,Cliente_promocional
C0472,Premium,Tienda,Centro,Servicios,Alta,Alta,Digital,Alta,Cliente_leal
C0473,Nuevo,Web,Sur,Moda,Baja,Baja,Tarjeta,Baja,Cliente_ocasional
C0474,Premium,Web,Norte,Tecnologia,Alta,Alta,Transferencia,Alta,Cliente_leal
C0475,Nuevo,App,Norte,Alimentos,Media,Media,Tarjeta,Baja,Cliente_ocasional
C0476,Riesgo,Tienda,Sur,Alimentos,Media,Baja,Efectivo,Media,Cliente_riesgo
C0477,Promocional,Web,Norte,Moda,Alta,Alta,Efectivo,Alta,Cliente_promocional
C0478,Riesgo,Web,Sur,Moda,Media,Baja,Efectivo,Baja,Cliente_riesgo
C0479,Riesgo,Web,Centro,Servicios,Baja,Baja,Transferencia,Baja,Cliente_riesgo
C0480,Frecuente,Web,Occidente,Tecnologia,Alta,Alta,Digital,Alta,Cliente_leal
C0481,Premium,Web,Norte,Tecnologia,Alta,Alta,Tarjeta,Media,Cliente_leal
C0482,Nuevo,Web,Norte,Hogar,Baja,Media,Digital,Media,Cliente_ocasional
C0483,Frecuente,Tienda,Centro,Hogar,Alta,Media,Tarjeta,Alta,Cliente_promocional
C0484,Frecuente,Tienda,Occidente,Tecnologia,Alta,Alta,Tarjeta,Alta,Cliente_leal
C0485,Premium,App,Norte,Hogar,Alta,Alta,Tarjeta,Media,Cliente_leal
C0486,Frecuente,Web,Occidente,Tecnologia,Alta,Alta,Tarjeta,Alta,Cliente_leal
C0487,Nuevo,Tienda,Centro,Hogar,Media,Media,Tarjeta,Media,Cliente_ocasional
C0488,Promocional,Tienda,Sur,Hogar,Alta,Media,Tarjeta,Media,Cliente_promocional
C0489,Ocasional,Tienda,Centro,Hogar,Baja,Media,Tarjeta,Media,Cliente_ocasional
C0490,Ocasional,Tienda,Sur,Moda,Media,Media,Tarjeta,Media,Cliente_ocasional
C0491,Ocasional,Tienda,Occidente,Moda,Baja,Baja,Tarjeta,Media,Cliente_riesgo
C0492,Frecuente,Tienda,Norte,Tecnologia,Alta,Media,Digital,Alta,Cliente_promocional
C0493,Promocional,Tienda,Centro,Tecnologia,Media,Media,Digital,Media,Cliente_promocional
C0494,Ocasional,Web,Centro,Alimentos,Baja,Media,Tarjeta,Media,Cliente_ocasional
C0495,Promocional,Web,Sur,Hogar,Media,Media,Digital,Alta,Cliente_promocional
C0496,Ocasional,App,Norte,Alimentos,Media,Media,Efectivo,Baja,Cliente_ocasional
C0497,Riesgo,Tienda,Centro,Alimentos,Baja,Baja,Transferencia,Baja,Cliente_riesgo
C0498,Premium,App,Centro,Hogar,Alta,Alta,Tarjeta,Media,Cliente_leal
C0499,Promocional,Web,Sur,Tecnologia,Media,Media,Tarjeta,Alta,Cliente_promocional
C0500,Riesgo,Web,Norte,Alimentos,Baja,Baja,Transferencia,Media,Cliente_riesgo
C0501,Ocasional,Tienda,Centro,Moda,Media,Baja,Digital,Media,Cliente_ocasional
C0502,Ocasional,Tienda,Sur,Alimentos,Media,Media,Tarjeta,Media,Cliente_ocasional
C0503,Nuevo,Tienda,Sur,Hogar,Baja,Media,Digital,Media,Cliente_ocasional
C0504,Ocasional,Tienda,Occidente,Hogar,Baja,Baja,Efectivo,Baja,Cliente_ocasional
C0505,Riesgo,Web,Sur,Servicios,Media,Media,Transferencia,Media,Cliente_riesgo
C0506,Frecuente,App,Centro,Hogar,Alta,Alta,Digital,Alta,Cliente_leal
C0507,Promocional,App,Centro,Moda,Alta,Alta,Efectivo,Alta,Cliente_promocional
C0508,Premium,App,Centro,Hogar,Alta,Alta,Tarjeta,Alta,Cliente_leal
C0509,Ocasional,Web,Centro,Moda,Baja,Media,Efectivo,Media,Cliente_ocasional
C0510,Nuevo,App,Sur,Alimentos,Baja,Media,Tarjeta,Baja,Cliente_ocasional
C0511,Riesgo,Tienda,Centro,Alimentos,Baja,Baja,Tarjeta,Baja,Cliente_riesgo
C0512,Ocasional,Web,Centro,Moda,Media,Baja,Tarjeta,Media,Cliente_ocasional
C0513,Frecuente,App,Norte,Hogar,Alta,Alta,Digital,Media,Cliente_leal
C0514,Premium,Web,Centro,Tecnologia,Alta,Alta,Digital,Alta,Cliente_leal
C0515,Frecuente,Web,Centro,Tecnologia,Media,Alta,Digital,Alta,Cliente_promocional
C0516,Riesgo,Web,Sur,Moda,Baja,Media,Efectivo,Baja,Cliente_riesgo
C0517,Premium,Tienda,Centro,Hogar,Alta,Alta,Tarjeta,Media,Cliente_leal
C0518,Promocional,Web,Norte,Tecnologia,Alta,Media,Digital,Media,Cliente_promocional
C0519,Riesgo,Tienda,Occidente,Servicios,Baja,Baja,Efectivo,Baja,Cliente_riesgo
C0520,Nuevo,Web,Centro,Alimentos,Media,Media,Digital,Media,Cliente_ocasional
C0521,Ocasional,Tienda,Centro,Alimentos,Baja,Baja,Tarjeta,Baja,Cliente_riesgo
C0522,Promocional,Web,Sur,Hogar,Alta,Alta,Digital,Alta,Cliente_promocional
C0523,Ocasional,Tienda,Sur,Servicios,Media,Baja,Transferencia,Media,Cliente_riesgo
C0524,Frecuente,Web,Norte,Hogar,Media,Alta,Tarjeta,Alta,Cliente_leal
C0525,Premium,Web,Norte,Hogar,Alta,Alta,Tarjeta,Media,Cliente_leal
C0526,Nuevo,Web,Sur,Hogar,Baja,Baja,Tarjeta,Baja,Cliente_ocasional
C0527,Ocasional,Tienda,Norte,Alimentos,Baja,Media,Tarjeta,Media,Cliente_ocasional
C0528,Promocional,App,Norte,Hogar,Media,Alta,Tarjeta,Alta,Cliente_promocional
C0529,Ocasional,Web,Sur,Alimentos,Baja,Media,Efectivo,Baja,Cliente_ocasional
C0530,Nuevo,Tienda,Occidente,Alimentos,Media,Media,Efectivo,Baja,Cliente_ocasional
C0531,Promocional,App,Norte,Moda,Media,Alta,Efectivo,Alta,Cliente_promocional
C0532,Premium,Web,Sur,Servicios,Alta,Alta,Tarjeta,Alta,Cliente_leal
C0533,Frecuente,Web,Sur,Hogar,Alta,Alta,Transferencia,Media,Cliente_leal
C0534,Frecuente,Web,Sur,Moda,Media,Media,Tarjeta,Alta,Cliente_promocional
C0535,Promocional,Web,Centro,Hogar,Media,Media,Digital,Media,Cliente_promocional
C0536,Promocional,Tienda,Centro,Tecnologia,Media,Media,Digital,Alta,Cliente_promocional
C0537,Nuevo,Tienda,Centro,Hogar,Media,Baja,Efectivo,Baja,Cliente_ocasional
C0538,Ocasional,App,Sur,Moda,Baja,Baja,Efectivo,Baja,Cliente_ocasional
C0539,Nuevo,App,Centro,Moda,Baja,Baja,Tarjeta,Baja,Cliente_ocasional
C0540,Ocasional,Tienda,Occidente,Hogar,Media,Media,Tarjeta,Baja,Cliente_ocasional
C0541,Ocasional,Web,Centro,Moda,Baja,Media,Digital,Baja,Cliente_ocasional
C0542,Frecuente,App,Sur,Tecnologia,Media,Media,Digital,Alta,Cliente_promocional
C0543,Ocasional,Telefono,Norte,Alimentos,Baja,Baja,Tarjeta,Baja,Cliente_riesgo
C0544,Ocasional,Web,Sur,Alimentos,Baja,Media,Efectivo,Baja,Cliente_ocasional
C0545,Frecuente,App,Occidente,Tecnologia,Media,Alta,Tarjeta,Media,Cliente_leal
C0546,Riesgo,Tienda,Sur,Servicios,Baja,Baja,Tarjeta,Media,Cliente_riesgo
C0547,Promocional,Web,Sur,Hogar,Media,Alta,Tarjeta,Media,Cliente_promocional
C0548,Frecuente,App,Centro,Tecnologia,Alta,Alta,Tarjeta,Alta,Cliente_leal
C0549,Premium,Web,Centro,Hogar,Media,Alta,Tarjeta,Alta,Cliente_leal
C0550,Ocasional,Web,Centro,Hogar,Baja,Media,Tarjeta,Media,Cliente_ocasional
C0551,Frecuente,App,Occidente,Moda,Alta,Media,Digital,Alta,Cliente_promocional
C0552,Frecuente,Web,Norte,Tecnologia,Alta,Alta,Tarjeta,Alta,Cliente_promocional
C0553,Ocasional,Web,Centro,Moda,Media,Media,Digital,Media,Cliente_ocasional
C0554,Ocasional,Tienda,Centro,Alimentos,Baja,Baja,Transferencia,Baja,Cliente_riesgo
C0555,Ocasional,Tienda,Sur,Moda,Baja,Media,Digital,Baja,Cliente_ocasional
C0556,Ocasional,Tienda,Sur,Alimentos,Media,Media,Efectivo,Baja,Cliente_ocasional
C0557,Riesgo,Web,Occidente,Servicios,Baja,Baja,Tarjeta,Baja,Cliente_riesgo
C0558,Premium,Web,Centro,Tecnologia,Alta,Alta,Digital,Alta,Cliente_leal
C0559,Promocional,App,Occidente,Tecnologia,Media,Media,Tarjeta,Alta,Cliente_promocional
C0560,Ocasional,Tienda,Centro,Moda,Baja,Media,Efectivo,Baja,Cliente_ocasional
C0561,Premium,Web,Sur,Tecnologia,Media,Alta,Transferencia,Alta,Cliente_leal
C0562,Riesgo,Telefono,Centro,Alimentos,Media,Baja,Efectivo,Baja,Cliente_riesgo
C0563,Nuevo,App,Sur,Hogar,Baja,Baja,Efectivo,Media,Cliente_ocasional
C0564,Riesgo,Web,Sur,Alimentos,Baja,Baja,Tarjeta,Media,Cliente_riesgo
C0565,Frecuente,App,Norte,Hogar,Alta,Alta,Digital,Alta,Cliente_leal
C0566,Ocasional,Web,Centro,Alimentos,Baja,Baja,Efectivo,Baja,Cliente_ocasional
C0567,Ocasional,Web,Occidente,Moda,Baja,Media,Tarjeta,Media,Cliente_ocasional
C0568,Riesgo,Tienda,Norte,Alimentos,Baja,Baja,Efectivo,Media,Cliente_riesgo
C0569,Ocasional,Tienda,Sur,Moda,Media,Baja,Efectivo,Baja,Cliente_ocasional
C0570,Frecuente,App,Norte,Tecnologia,Alta,Alta,Transferencia,Alta,Cliente_leal
C0571,Ocasional,Web,Sur,Hogar,Baja,Media,Efectivo,Baja,Cliente_ocasional
C0572,Premium,App,Norte,Hogar,Alta,Alta,Digital,Alta,Cliente_leal
C0573,Ocasional,App,Centro,Moda,Baja,Baja,Tarjeta,Media,Cliente_ocasional
C0574,Ocasional,Web,Centro,Alimentos,Baja,Media,Efectivo,Baja,Cliente_ocasional
C0575,Frecuente,App,Centro,Moda,Media,Alta,Digital,Media,Cliente_promocional
C0576,Promocional,Tienda,Norte,Hogar,Media,Media,Tarjeta,Alta,Cliente_promocional
C0577,Promocional,App,Norte,Moda,Media,Media,Efectivo,Alta,Cliente_promocional
C0578,Frecuente,Web,Centro,Hogar,Media,Alta,Efectivo,Alta,Cliente_promocional
C0579,Premium,App,Sur,Tecnologia,Alta,Alta,Digital,Alta,Cliente_leal
C0580,Promocional,App,Occidente,Moda,Media,Media,Tarjeta,Alta,Cliente_promocional
C0581,Promocional,Web,Sur,Moda,Alta,Media,Digital,Alta,Cliente_promocional
C0582,Promocional,Web,Norte,Moda,Media,Alta,Tarjeta,Alta,Cliente_promocional
C0583,Ocasional,Tienda,Norte,Moda,Baja,Baja,Tarjeta,Baja,Cliente_ocasional
C0584,Promocional,Web,Sur,Tecnologia,Alta,Media,Digital,Alta,Cliente_promocional
C0585,Ocasional,App,Sur,Hogar,Baja,Baja,Tarjeta,Media,Cliente_ocasional
C0586,Promocional,Web,Sur,Tecnologia,Media,Media,Digital,Alta,Cliente_promocional
C0587,Frecuente,Web,Centro,Tecnologia,Alta,Media,Digital,Alta,Cliente_leal
C0588,Riesgo,Telefono,Centro,Servicios,Baja,Media,Transferencia,Baja,Cliente_riesgo
C0589,Ocasional,Tienda,Sur,Moda,Baja,Media,Efectivo,Media,Cliente_ocasional
C0590,Ocasional,Web,Sur,Alimentos,Baja,Baja,Tarjeta,Media,Cliente_ocasional
C0591,Frecuente,App,Norte,Moda,Media,Media,Digital,Alta,Cliente_promocional
C0592,Frecuente,Tienda,Centro,Tecnologia,Alta,Alta,Tarjeta,Media,Cliente_leal
C0593,Promocional,Tienda,Centro,Moda,Media,Alta,Digital,Media,Cliente_promocional
C0594,Frecuente,Tienda,Centro,Hogar,Alta,Media,Digital,Media,Cliente_leal
C0595,Ocasional,Tienda,Occidente,Alimentos,Media,Baja,Digital,Baja,Cliente_ocasional
C0596,Ocasional,Web,Centro,Moda,Baja,Media,Efectivo,Baja,Cliente_ocasional
C0597,Frecuente,App,Occidente,Hogar,Alta,Alta,Tarjeta,Alta,Cliente_leal
C0598,Ocasional,App,Sur,Moda,Media,Baja,Digital,Media,Cliente_ocasional
C0599,Promocional,App,Norte,Tecnologia,Media,Media,Digital,Alta,Cliente_promocional
C0600,Riesgo,Telefono,Sur,Moda,Baja,Baja,Tarjeta,Baja,Cliente_riesgo
C0601,Promocional,Web,Centro,Moda,Alta,Media,Efectivo,Alta,Cliente_promocional
C0602,Ocasional,Tienda,Occidente,Servicios,Baja,Baja,Efectivo,Baja,Cliente_riesgo
C0603,Frecuente,App,Norte,Hogar,Alta,Alta,Tarjeta,Media,Cliente_leal
C0604,Premium,Web,Occidente,Tecnologia,Alta,Alta,Digital,Alta,Cliente_leal
C0605,Frecuente,App,Norte,Moda,Alta,Media,Efectivo,Alta,Cliente_promocional
C0606,Ocasional,Tienda,Centro,Moda,Baja,Baja,Tarjeta,Media,Cliente_ocasional
C0607,Premium,App,Occidente,Servicios,Alta,Alta,Tarjeta,Alta,Cliente_leal
C0608,Promocional,App,Norte,Hogar,Media,Alta,Digital,Alta,Cliente_promocional
C0609,Frecuente,Web,Centro,Tecnologia,Alta,Alta,Tarjeta,Media,Cliente_leal
C0610,Frecuente,Tienda,Norte,Servicios,Alta,Alta,Digital,Alta,Cliente_leal
C0611,Premium,Web,Centro,Hogar,Alta,Alta,Transferencia,Alta,Cliente_leal
C0612,Premium,App,Occidente,Tecnologia,Alta,Media,Tarjeta,Alta,Cliente_leal
C0613,Premium,Web,Centro,Hogar,Alta,Alta,Transferencia,Media,Cliente_leal
C0614,Ocasional,Web,Sur,Hogar,Media,Media,Tarjeta,Media,Cliente_ocasional
C0615,Nuevo,Tienda,Occidente,Alimentos,Baja,Media,Tarjeta,Baja,Cliente_ocasional
C0616,Ocasional,App,Centro,Alimentos,Media,Media,Digital,Baja,Cliente_ocasional
C0617,Frecuente,Web,Norte,Servicios,Media,Alta,Digital,Alta,Cliente_leal
C0618,Nuevo,Web,Centro,Alimentos,Media,Media,Tarjeta,Media,Cliente_ocasional
C0619,Premium,Web,Norte,Hogar,Alta,Media,Tarjeta,Media,Cliente_leal
C0620,Ocasional,Tienda,Sur,Alimentos,Baja,Media,Tarjeta,Baja,Cliente_ocasional
C0621,Riesgo,Web,Sur,Alimentos,Baja,Baja,Tarjeta,Baja,Cliente_riesgo
C0622,Nuevo,Tienda,Centro,Moda,Baja,Media,Tarjeta,Baja,Cliente_ocasional
C0623,Frecuente,Web,Occidente,Moda,Media,Media,Efectivo,Alta,Cliente_promocional
C0624,Frecuente,Web,Sur,Hogar,Media,Media,Digital,Alta,Cliente_promocional
C0625,Ocasional,Tienda,Centro,Moda,Baja,Media,Efectivo,Media,Cliente_ocasional
C0626,Frecuente,Web,Occidente,Moda,Media,Alta,Digital,Media,Cliente_promocional
C0627,Nuevo,Tienda,Sur,Alimentos,Baja,Media,Efectivo,Media,Cliente_ocasional
C0628,Riesgo,Web,Sur,Alimentos,Baja,Baja,Efectivo,Media,Cliente_riesgo
C0629,Ocasional,App,Sur,Hogar,Baja,Media,Digital,Media,Cliente_ocasional
C0630,Ocasional,Tienda,Centro,Moda,Baja,Media,Tarjeta,Baja,Cliente_riesgo
C0631,Frecuente,Tienda,Centro,Servicios,Alta,Media,Digital,Alta,Cliente_leal
C0632,Premium,App,Occidente,Tecnologia,Media,Media,Transferencia,Alta,Cliente_leal
C0633,Premium,App,Centro,Tecnologia,Alta,Media,Transferencia,Media,Cliente_leal
C0634,Promocional,Tienda,Centro,Tecnologia,Media,Media,Digital,Alta,Cliente_promocional
C0635,Frecuente,App,Centro,Tecnologia,Media,Media,Efectivo,Alta,Cliente_promocional
C0636,Ocasional,Tienda,Centro,Moda,Baja,Media,Tarjeta,Baja,Cliente_ocasional
C0637,Promocional,Tienda,Centro,Moda,Media,Alta,Tarjeta,Alta,Cliente_promocional
C0638,Ocasional,App,Sur,Moda,Baja,Media,Tarjeta,Baja,Cliente_ocasional
C0639,Premium,App,Centro,Hogar,Alta,Alta,Transferencia,Media,Cliente_leal
C0640,Ocasional,Tienda,Occidente,Moda,Baja,Baja,Efectivo,Baja,Cliente_riesgo
C0641,Frecuente,Web,Centro,Moda,Media,Media,Tarjeta,Alta,Cliente_promocional
C0642,Premium,Web,Centro,Hogar,Media,Media,Transferencia,Alta,Cliente_leal
C0643,Ocasional,Web,Sur,Alimentos,Media,Media,Tarjeta,Media,Cliente_ocasional
C0644,Promocional,Web,Centro,Moda,Media,Alta,Digital,Alta,Cliente_promocional
C0645,Nuevo,App,Occidente,Moda,Media,Media,Efectivo,Media,Cliente_ocasional
C0646,Frecuente,App,Occidente,Moda,Alta,Media,Efectivo,Alta,Cliente_promocional
C0647,Nuevo,App,Occidente,Moda,Baja,Baja,Efectivo,Baja,Cliente_ocasional
C0648,Frecuente,Web,Occidente,Moda,Alta,Media,Digital,Alta,Cliente_promocional
C0649,Ocasional,Web,Centro,Moda,Media,Media,Digital,Media,Cliente_ocasional
C0650,Promocional,Web,Norte,Moda,Media,Alta,Tarjeta,Alta,Cliente_promocional
C0651,Frecuente,App,Norte,Hogar,Media,Alta,Digital,Alta,Cliente_promocional
C0652,Ocasional,Web,Centro,Servicios,Baja,Baja,Efectivo,Baja,Cliente_riesgo
C0653,Riesgo,Web,Occidente,Moda,Baja,Media,Transferencia,Media,Cliente_riesgo
C0654,Riesgo,Tienda,Occidente,Servicios,Media,Baja,Transferencia,Baja,Cliente_riesgo
C0655,Promocional,Web,Sur,Moda,Media,Alta,Efectivo,Alta,Cliente_promocional
C0656,Ocasional,Tienda,Centro,Alimentos,Baja,Media,Efectivo,Media,Cliente_ocasional
C0657,Promocional,Web,Occidente,Tecnologia,Alta,Media,Digital,Alta,Cliente_promocional
C0658,Premium,App,Norte,Servicios,Alta,Alta,Tarjeta,Alta,Cliente_leal
C0659,Promocional,Tienda,Occidente,Tecnologia,Media,Alta,Digital,Alta,Cliente_promocional
C0660,Promocional,Web,Norte,Tecnologia,Media,Media,Digital,Alta,Cliente_promocional
C0661,Nuevo,App,Centro,Hogar,Baja,Media,Tarjeta,Baja,Cliente_ocasional
C0662,Riesgo,Telefono,Sur,Alimentos,Baja,Baja,Transferencia,Baja,Cliente_riesgo
C0663,Riesgo,Telefono,Norte,Servicios,Baja,Media,Efectivo,Baja,Cliente_riesgo
C0664,Frecuente,App,Norte,Hogar,Alta,Alta,Tarjeta,Alta,Cliente_leal
C0665,Ocasional,Tienda,Sur,Moda,Media,Media,Efectivo,Media,Cliente_ocasional
C0666,Premium,App,Occidente,Hogar,Alta,Alta,Transferencia,Alta,Cliente_leal
C0667,Frecuente,App,Centro,Servicios,Media,Alta,Digital,Alta,Cliente_leal
C0668,Ocasional,Web,Sur,Alimentos,Baja,Baja,Tarjeta,Media,Cliente_riesgo
C0669,Frecuente,Web,Norte,Hogar,Media,Alta,Digital,Media,Cliente_leal
C0670,Premium,Web,Norte,Servicios,Alta,Alta,Digital,Alta,Cliente_leal
C0671,Nuevo,App,Sur,Hogar,Media,Media,Efectivo,Media,Cliente_ocasional
C0672,Premium,Tienda,Norte,Tecnologia,Alta,Alta,Digital,Alta,Cliente_leal
C0673,Riesgo,Telefono,Centro,Servicios,Baja,Baja,Transferencia,Baja,Cliente_riesgo
C0674,Ocasional,Web,Sur,Hogar,Media,Media,Efectivo,Media,Cliente_ocasional
C0675,Promocional,App,Norte,Moda,Media,Media,Tarjeta,Alta,Cliente_promocional
C0676,Frecuente,Tienda,Occidente,Tecnologia,Media,Media,Digital,Media,Cliente_promocional
C0677,Ocasional,Web,Centro,Moda,Baja,Baja,Tarjeta,Baja,Cliente_ocasional
C0678,Nuevo,Tienda,Sur,Alimentos,Media,Media,Digital,Baja,Cliente_ocasional
C0679,Promocional,Web,Norte,Hogar,Media,Media,Digital,Alta,Cliente_promocional
C0680,Riesgo,Telefono,Norte,Servicios,Baja,Baja,Efectivo,Media,Cliente_riesgo
C0681,Promocional,App,Norte,Hogar,Media,Media,Digital,Alta,Cliente_promocional
C0682,Promocional,App,Centro,Moda,Media,Alta,Tarjeta,Alta,Cliente_promocional
C0683,Promocional,Web,Sur,Hogar,Alta,Media,Tarjeta,Alta,Cliente_promocional
C0684,Premium,Web,Occidente,Tecnologia,Alta,Media,Digital,Alta,Cliente_leal
C0685,Promocional,Web,Sur,Moda,Alta,Media,Tarjeta,Media,Cliente_promocional
C0686,Promocional,App,Sur,Moda,Alta,Alta,Tarjeta,Alta,Cliente_promocional
C0687,Frecuente,Web,Norte,Servicios,Alta,Media,Tarjeta,Alta,Cliente_leal
C0688,Promocional,App,Sur,Hogar,Media,Media,Digital,Media,Cliente_promocional
C0689,Premium,Tienda,Norte,Hogar,Media,Alta,Digital,Media,Cliente_leal
C0690,Frecuente,Web,Sur,Hogar,Media,Media,Digital,Media,Cliente_promocional
C0691,Frecuente,App,Centro,Tecnologia,Alta,Alta,Tarjeta,Alta,Cliente_leal
C0692,Ocasional,Tienda,Centro,Moda,Baja,Media,Efectivo,Baja,Cliente_ocasional
C0693,Promocional,App,Centro,Hogar,Alta,Media,Digital,Alta,Cliente_promocional
C0694,Premium,Tienda,Norte,Tecnologia,Alta,Alta,Transferencia,Media,Cliente_leal
C0695,Ocasional,Web,Centro,Moda,Media,Media,Efectivo,Media,Cliente_ocasional
C0696,Premium,App,Norte,Tecnologia,Alta,Alta,Tarjeta,Alta,Cliente_leal
C0697,Premium,App,Centro,Tecnologia,Alta,Alta,Digital,Alta,Cliente_leal
C0698,Frecuente,App,Centro,Hogar,Alta,Alta,Transferencia,Alta,Cliente_leal
C0699,Frecuente,Web,Norte,Servicios,Media,Alta,Transferencia,Alta,Cliente_leal
C0700,Frecuente,App,Centro,Tecnologia,Alta,Alta,Digital,Media,Cliente_leal
C0701,Premium,App,Centro,Servicios,Alta,Alta,Digital,Alta,Cliente_leal
C0702,Ocasional,App,Sur,Hogar,Baja,Baja,Efectivo,Baja,Cliente_ocasional
C0703,Premium,Web,Norte,Tecnologia,Media,Alta,Tarjeta,Media,Cliente_leal
C0704,Riesgo,Web,Sur,Servicios,Baja,Baja,Efectivo,Baja,Cliente_riesgo
C0705,Promocional,App,Norte,Hogar,Media,Alta,Tarjeta,Alta,Cliente_promocional
C0706,Frecuente,Web,Norte,Moda,Alta,Alta,Tarjeta,Alta,Cliente_promocional
C0707,Riesgo,Web,Norte,Servicios,Baja,Baja,Transferencia,Baja,Cliente_riesgo
C0708,Promocional,App,Norte,Moda,Alta,Media,Efectivo,Alta,Cliente_promocional
C0709,Ocasional,Web,Norte,Alimentos,Baja,Media,Efectivo,Media,Cliente_ocasional
C0710,Promocional,App,Centro,Hogar,Alta,Alta,Efectivo,Alta,Cliente_promocional
C0711,Ocasional,Web,Occidente,Moda,Media,Baja,Tarjeta,Media,Cliente_ocasional
C0712,Premium,Tienda,Occidente,Hogar,Alta,Alta,Tarjeta,Alta,Cliente_leal
C0713,Riesgo,Web,Occidente,Servicios,Media,Media,Tarjeta,Baja,Cliente_riesgo
C0714,Premium,Web,Occidente,Hogar,Alta,Alta,Tarjeta,Media,Cliente_leal
C0715,Promocional,Web,Occidente,Hogar,Alta,Media,Tarjeta,Alta,Cliente_promocional
C0716,Nuevo,Web,Occidente,Hogar,Baja,Media,Digital,Baja,Cliente_ocasional
C0717,Promocional,Tienda,Sur,Moda,Alta,Media,Digital,Media,Cliente_promocional
C0718,Promocional,Web,Sur,Moda,Media,Media,Digital,Alta,Cliente_promocional
C0719,Premium,Tienda,Norte,Servicios,Alta,Alta,Transferencia,Media,Cliente_leal
C0720,Frecuente,Web,Norte,Hogar,Alta,Alta,Digital,Media,Cliente_promocional
C0721,Promocional,Web,Centro,Hogar,Media,Media,Digital,Alta,Cliente_promocional
C0722,Nuevo,Web,Centro,Alimentos,Media,Media,Digital,Baja,Cliente_ocasional
C0723,Ocasional,Tienda,Centro,Alimentos,Baja,Media,Digital,Media,Cliente_ocasional
C0724,Nuevo,App,Sur,Moda,Media,Media,Tarjeta,Baja,Cliente_ocasional
C0725,Frecuente,Web,Occidente,Moda,Alta,Media,Digital,Alta,Cliente_promocional
C0726,Frecuente,Web,Sur,Hogar,Alta,Media,Digital,Alta,Cliente_promocional
C0727,Frecuente,App,Centro,Hogar,Media,Alta,Digital,Alta,Cliente_promocional
C0728,Ocasional,Web,Sur,Servicios,Baja,Media,Tarjeta,Baja,Cliente_riesgo
C0729,Riesgo,Tienda,Norte,Alimentos,Baja,Baja,Transferencia,Baja,Cliente_riesgo
C0730,Nuevo,App,Centro,Moda,Media,Baja,Efectivo,Media,Cliente_ocasional
C0731,Premium,App,Centro,Hogar,Alta,Alta,Tarjeta,Alta,Cliente_leal
C0732,Frecuente,Web,Occidente,Tecnologia,Alta,Media,Tarjeta,Media,Cliente_promocional
C0733,Ocasional,App,Sur,Moda,Baja,Media,Efectivo,Baja,Cliente_ocasional
C0734,Ocasional,Web,Sur,Moda,Baja,Media,Efectivo,Media,Cliente_ocasional
C0735,Nuevo,Tienda,Centro,Hogar,Baja,Media,Efectivo,Baja,Cliente_ocasional
C0736,Nuevo,Tienda,Centro,Moda,Media,Baja,Efectivo,Media,Cliente_ocasional
C0737,Promocional,Tienda,Centro,Moda,Media,Alta,Tarjeta,Media,Cliente_promocional
C0738,Nuevo,Tienda,Norte,Moda,Media,Media,Tarjeta,Baja,Cliente_ocasional
C0739,Ocasional,App,Norte,Hogar,Baja,Baja,Efectivo,Media,Cliente_ocasional
C0740,Premium,App,Centro,Hogar,Media,Media,Digital,Alta,Cliente_leal
C0741,Frecuente,Web,Sur,Moda,Media,Alta,Digital,Media,Cliente_promocional
C0742,Ocasional,Tienda,Norte,Alimentos,Media,Media,Tarjeta,Baja,Cliente_ocasional
C0743,Ocasional,Tienda,Norte,Alimentos,Baja,Media,Tarjeta,Media,Cliente_riesgo
C0744,Riesgo,Telefono,Centro,Servicios,Baja,Media,Tarjeta,Media,Cliente_riesgo
C0745,Frecuente,Web,Norte,Hogar,Media,Media,Digital,Alta,Cliente_promocional
C0746,Promocional,App,Centro,Moda,Media,Media,Tarjeta,Alta,Cliente_promocional
C0747,Frecuente,App,Sur,Hogar,Media,Alta,Tarjeta,Media,Cliente_leal
C0748,Riesgo,Telefono,Centro,Servicios,Media,Media,Transferencia,Media,Cliente_riesgo
C0749,Ocasional,Web,Occidente,Moda,Media,Baja,Efectivo,Baja,Cliente_riesgo
C0750,Frecuente,Web,Sur,Hogar,Media,Alta,Transferencia,Alta,Cliente_leal
C0751,Frecuente,App,Centro,Tecnologia,Alta,Alta,Tarjeta,Alta,Cliente_leal
C0752,Premium,Web,Norte,Servicios,Alta,Alta,Tarjeta,Alta,Cliente_leal
C0753,Promocional,Tienda,Sur,Hogar,Media,Alta,Digital,Alta,Cliente_promocional
C0754,Ocasional,Web,Occidente,Alimentos,Baja,Baja,Efectivo,Media,Cliente_riesgo
C0755,Frecuente,App,Sur,Hogar,Alta,Alta,Tarjeta,Alta,Cliente_leal
C0756,Riesgo,Telefono,Centro,Servicios,Baja,Baja,Efectivo,Baja,Cliente_riesgo
C0757,Riesgo,Web,Occidente,Moda,Media,Baja,Efectivo,Media,Cliente_riesgo
C0758,Promocional,App,Norte,Hogar,Media,Media,Tarjeta,Alta,Cliente_promocional
C0759,Riesgo,Web,Occidente,Alimentos,Media,Baja,Transferencia,Baja,Cliente_riesgo
C0760,Ocasional,Web,Norte,Alimentos,Media,Baja,Efectivo,Baja,Cliente_ocasional
C0761,Promocional,App,Sur,Tecnologia,Media,Media,Digital,Alta,Cliente_promocional
C0762,Promocional,Tienda,Centro,Moda,Media,Media,Efectivo,Alta,Cliente_promocional
C0763,Ocasional,Tienda,Centro,Moda,Baja,Media,Digital,Baja,Cliente_ocasional
C0764,Riesgo,Tienda,Centro,Moda,Baja,Media,Efectivo,Baja,Cliente_riesgo
C0765,Ocasional,Web,Centro,Moda,Baja,Media,Digital,Baja,Cliente_ocasional
C0766,Premium,Tienda,Centro,Tecnologia,Alta,Alta,Transferencia,Alta,Cliente_leal
C0767,Promocional,Web,Sur,Hogar,Media,Alta,Tarjeta,Media,Cliente_promocional
C0768,Frecuente,App,Norte,Servicios,Media,Alta,Digital,Alta,Cliente_leal
C0769,Ocasional,Tienda,Centro,Moda,Media,Baja,Tarjeta,Media,Cliente_ocasional
C0770,Frecuente,App,Norte,Moda,Media,Alta,Digital,Media,Cliente_promocional
C0771,Promocional,Web,Occidente,Hogar,Media,Media,Efectivo,Media,Cliente_promocional
C0772,Ocasional,Tienda,Norte,Alimentos,Media,Media,Tarjeta,Baja,Cliente_ocasional
C0773,Frecuente,App,Norte,Tecnologia,Alta,Alta,Tarjeta,Alta,Cliente_leal
C0774,Promocional,App,Sur,Tecnologia,Alta,Media,Digital,Alta,Cliente_promocional
C0775,Ocasional,Web,Occidente,Hogar,Baja,Media,Tarjeta,Media,Cliente_ocasional
C0776,Ocasional,Web,Sur,Hogar,Baja,Media,Efectivo,Media,Cliente_ocasional
C0777,Promocional,App,Sur,Tecnologia,Media,Alta,Tarjeta,Alta,Cliente_promocional
C0778,Nuevo,Web,Occidente,Alimentos,Baja,Baja,Efectivo,Media,Cliente_ocasional
C0779,Promocional,Tienda,Sur,Hogar,Media,Media,Digital,Alta,Cliente_promocional
C0780,Ocasional,Web,Norte,Hogar,Baja,Baja,Efectivo,Media,Cliente_ocasional
C0781,Ocasional,App,Centro,Moda,Baja,Baja,Efectivo,Media,Cliente_ocasional
C0782,Nuevo,Tienda,Sur,Moda,Baja,Media,Efectivo,Media,Cliente_ocasional
C0783,Riesgo,Web,Sur,Servicios,Baja,Baja,Transferencia,Media,Cliente_riesgo
C0784,Premium,App,Centro,Tecnologia,Alta,Alta,Tarjeta,Alta,Cliente_leal
C0785,Riesgo,Web,Centro,Servicios,Baja,Baja,Tarjeta,Baja,Cliente_riesgo
C0786,Premium,Tienda,Occidente,Servicios,Alta,Media,Transferencia,Alta,Cliente_leal
C0787,Frecuente,Tienda,Occidente,Tecnologia,Alta,Alta,Tarjeta,Alta,Cliente_leal
C0788,Premium,App,Norte,Hogar,Alta,Alta,Transferencia,Media,Cliente_leal
C0789,Premium,App,Centro,Servicios,Alta,Alta,Transferencia,Media,Cliente_leal
C0790,Premium,App,Occidente,Tecnologia,Alta,Alta,Digital,Alta,Cliente_leal
C0791,Promocional,Web,Centro,Hogar,Alta,Alta,Digital,Alta,Cliente_promocional
C0792,Ocasional,Tienda,Occidente,Hogar,Media,Baja,Digital,Baja,Cliente_ocasional
C0793,Ocasional,Tienda,Sur,Moda,Baja,Media,Efectivo,Media,Cliente_ocasional
C0794,Ocasional,App,Sur,Hogar,Media,Baja,Tarjeta,Media,Cliente_ocasional
C0795,Ocasional,Tienda,Norte,Moda,Baja,Media,Efectivo,Media,Cliente_ocasional
C0796,Ocasional,Web,Centro,Alimentos,Baja,Media,Tarjeta,Baja,Cliente_ocasional
C0797,Ocasional,Tienda,Sur,Moda,Baja,Baja,Efectivo,Media,Cliente_ocasional
C0798,Ocasional,Web,Sur,Alimentos,Baja,Baja,Efectivo,Baja,Cliente_ocasional
C0799,Nuevo,Tienda,Occidente,Moda,Media,Media,Tarjeta,Media,Cliente_ocasional
C0800,Ocasional,Web,Sur,Moda,Baja,Media,Digital,Baja,Cliente_ocasional
C0801,Nuevo,Tienda,Sur,Alimentos,Baja,Media,Efectivo,Media,Cliente_ocasional
C0802,Frecuente,App,Centro,Tecnologia,Media,Alta,Tarjeta,Alta,Cliente_promocional
C0803,Nuevo,Tienda,Sur,Alimentos,Baja,Media,Efectivo,Media,Cliente_ocasional
C0804,Promocional,Web,Sur,Hogar,Alta,Media,Efectivo,Alta,Cliente_promocional
C0805,Frecuente,App,Centro,Hogar,Media,Alta,Digital,Alta,Cliente_promocional
C0806,Promocional,Web,Centro,Hogar,Media,Media,Efectivo,Alta,Cliente_promocional
C0807,Ocasional,App,Occidente,Alimentos,Baja,Media,Tarjeta,Baja,Cliente_ocasional
C0808,Ocasional,Web,Norte,Alimentos,Baja,Baja,Transferencia,Media,Cliente_riesgo
C0809,Ocasional,Tienda,Occidente,Alimentos,Baja,Media,Tarjeta,Baja,Cliente_ocasional
C0810,Nuevo,Web,Sur,Hogar,Baja,Baja,Efectivo,Media,Cliente_ocasional
C0811,Ocasional,Tienda,Sur,Hogar,Baja,Media,Tarjeta,Media,Cliente_ocasional
C0812,Nuevo,App,Centro,Alimentos,Baja,Media,Efectivo,Media,Cliente_ocasional
C0813,Frecuente,App,Sur,Hogar,Media,Alta,Tarjeta,Alta,Cliente_leal
C0814,Promocional,Tienda,Centro,Tecnologia,Alta,Media,Digital,Media,Cliente_promocional
C0815,Nuevo,Web,Sur,Hogar,Media,Baja,Digital,Media,Cliente_ocasional
C0816,Frecuente,Tienda,Sur,Tecnologia,Alta,Media,Tarjeta,Alta,Cliente_leal
C0817,Frecuente,App,Occidente,Tecnologia,Alta,Media,Tarjeta,Media,Cliente_leal
C0818,Riesgo,Web,Sur,Servicios,Baja,Baja,Tarjeta,Baja,Cliente_riesgo
C0819,Ocasional,Tienda,Sur,Alimentos,Media,Media,Tarjeta,Media,Cliente_ocasional
C0820,Promocional,Web,Sur,Tecnologia,Media,Alta,Digital,Alta,Cliente_promocional
C0821,Frecuente,App,Occidente,Hogar,Alta,Alta,Tarjeta,Media,Cliente_leal
C0822,Frecuente,Web,Norte,Tecnologia,Alta,Media,Tarjeta,Alta,Cliente_leal
C0823,Promocional,App,Centro,Moda,Alta,Alta,Digital,Alta,Cliente_promocional
C0824,Riesgo,Tienda,Occidente,Moda,Baja,Baja,Efectivo,Baja,Cliente_riesgo
C0825,Riesgo,Web,Occidente,Servicios,Baja,Baja,Efectivo,Baja,Cliente_riesgo
C0826,Ocasional,Tienda,Centro,Hogar,Baja,Media,Efectivo,Media,Cliente_ocasional
C0827,Frecuente,App,Norte,Tecnologia,Media,Alta,Tarjeta,Alta,Cliente_promocional
C0828,Premium,Web,Norte,Hogar,Media,Alta,Tarjeta,Media,Cliente_leal
C0829,Frecuente,App,Sur,Tecnologia,Media,Media,Digital,Alta,Cliente_promocional
C0830,Ocasional,App,Occidente,Moda,Media,Media,Digital,Baja,Cliente_ocasional
C0831,Premium,Web,Occidente,Tecnologia,Alta,Alta,Tarjeta,Alta,Cliente_leal
C0832,Premium,App,Norte,Hogar,Media,Alta,Tarjeta,Alta,Cliente_leal
C0833,Promocional,Tienda,Occidente,Moda,Alta,Alta,Tarjeta,Media,Cliente_promocional
C0834,Ocasional,Tienda,Occidente,Moda,Baja,Media,Efectivo,Media,Cliente_ocasional
C0835,Riesgo,Tienda,Sur,Moda,Baja,Media,Efectivo,Baja,Cliente_riesgo
C0836,Frecuente,Web,Norte,Tecnologia,Alta,Alta,Tarjeta,Media,Cliente_leal
C0837,Riesgo,Tienda,Norte,Alimentos,Media,Baja,Efectivo,Media,Cliente_riesgo
C0838,Frecuente,Web,Sur,Moda,Media,Media,Tarjeta,Alta,Cliente_promocional
C0839,Promocional,App,Norte,Hogar,Media,Media,Digital,Media,Cliente_promocional
C0840,Premium,App,Sur,Tecnologia,Alta,Alta,Tarjeta,Media,Cliente_leal
C0841,Premium,App,Occidente,Hogar,Alta,Alta,Digital,Alta,Cliente_leal
C0842,Ocasional,Tienda,Sur,Moda,Baja,Media,Efectivo,Baja,Cliente_ocasional
C0843,Ocasional,Web,Occidente,Alimentos,Media,Baja,Efectivo,Media,Cliente_ocasional
C0844,Frecuente,Web,Centro,Moda,Media,Media,Digital,Alta,Cliente_promocional
C0845,Ocasional,Web,Sur,Alimentos,Media,Baja,Efectivo,Baja,Cliente_ocasional
C0846,Promocional,Tienda,Centro,Moda,Alta,Media,Digital,Alta,Cliente_promocional
C0847,Promocional,Web,Sur,Moda,Media,Media,Digital,Alta,Cliente_promocional
C0848,Riesgo,Tienda,Occidente,Moda,Baja,Baja,Transferencia,Baja,Cliente_riesgo
C0849,Premium,App,Centro,Hogar,Alta,Alta,Tarjeta,Media,Cliente_leal
C0850,Promocional,App,Centro,Tecnologia,Media,Alta,Efectivo,Alta,Cliente_promocional
C0851,Promocional,Web,Sur,Hogar,Media,Media,Digital,Alta,Cliente_promocional
C0852,Riesgo,Web,Centro,Servicios,Baja,Baja,Tarjeta,Media,Cliente_riesgo
C0853,Riesgo,Telefono,Centro,Alimentos,Media,Baja,Efectivo,Baja,Cliente_riesgo
C0854,Promocional,Tienda,Sur,Moda,Alta,Alta,Digital,Media,Cliente_promocional
C0855,Frecuente,Web,Norte,Hogar,Alta,Media,Transferencia,Media,Cliente_leal
C0856,Frecuente,App,Occidente,Tecnologia,Alta,Alta,Transferencia,Alta,Cliente_leal
C0857,Frecuente,App,Centro,Tecnologia,Alta,Media,Tarjeta,Alta,Cliente_leal
C0858,Premium,Web,Centro,Hogar,Alta,Media,Transferencia,Alta,Cliente_leal
C0859,Promocional,Web,Norte,Moda,Media,Alta,Efectivo,Alta,Cliente_promocional
C0860,Frecuente,Tienda,Centro,Tecnologia,Media,Alta,Transferencia,Media,Cliente_leal
C0861,Ocasional,App,Sur,Moda,Baja,Baja,Tarjeta,Baja,Cliente_ocasional
C0862,Frecuente,Web,Norte,Servicios,Media,Alta,Transferencia,Media,Cliente_leal
C0863,Ocasional,App,Sur,Moda,Baja,Baja,Digital,Baja,Cliente_ocasional
C0864,Ocasional,Tienda,Sur,Hogar,Baja,Media,Digital,Baja,Cliente_ocasional
C0865,Frecuente,Web,Centro,Moda,Media,Media,Digital,Alta,Cliente_promocional
C0866,Nuevo,App,Sur,Moda,Baja,Baja,Efectivo,Media,Cliente_ocasional
C0867,Promocional,App,Occidente,Tecnologia,Media,Media,Efectivo,Alta,Cliente_promocional
C0868,Riesgo,Tienda,Norte,Moda,Media,Media,Transferencia,Baja,Cliente_riesgo
C0869,Premium,Web,Occidente,Servicios,Alta,Media,Tarjeta,Media,Cliente_leal
C0870,Promocional,Web,Sur,Tecnologia,Alta,Media,Tarjeta,Alta,Cliente_promocional
C0871,Promocional,Web,Norte,Hogar,Media,Media,Tarjeta,Alta,Cliente_promocional
C0872,Nuevo,Tienda,Sur,Moda,Baja,Baja,Digital,Baja,Cliente_ocasional
C0873,Riesgo,Tienda,Occidente,Servicios,Baja,Baja,Tarjeta,Baja,Cliente_riesgo
C0874,Premium,App,Norte,Servicios,Alta,Media,Tarjeta,Media,Cliente_leal
C0875,Frecuente,Web,Norte,Tecnologia,Alta,Media,Tarjeta,Alta,Cliente_leal
C0876,Ocasional,Tienda,Centro,Hogar,Baja,Baja,Digital,Media,Cliente_ocasional
C0877,Nuevo,App,Centro,Hogar,Baja,Baja,Tarjeta,Media,Cliente_ocasional
C0878,Nuevo,Tienda,Centro,Moda,Media,Media,Efectivo,Media,Cliente_ocasional
C0879,Ocasional,App,Sur,Alimentos,Baja,Media,Efectivo,Media,Cliente_ocasional
C0880,Frecuente,Web,Occidente,Tecnologia,Alta,Alta,Tarjeta,Media,Cliente_leal
C0881,Frecuente,Web,Norte,Moda,Alta,Media,Efectivo,Alta,Cliente_promocional
C0882,Premium,Tienda,Norte,Tecnologia,Alta,Alta,Tarjeta,Media,Cliente_leal
C0883,Nuevo,Tienda,Centro,Moda,Baja,Media,Efectivo,Baja,Cliente_ocasional
C0884,Riesgo,Telefono,Norte,Alimentos,Media,Baja,Efectivo,Baja,Cliente_riesgo
C0885,Frecuente,App,Centro,Tecnologia,Media,Media,Tarjeta,Media,Cliente_promocional
C0886,Frecuente,App,Norte,Servicios,Alta,Media,Transferencia,Alta,Cliente_leal
C0887,Premium,Web,Norte,Hogar,Alta,Alta,Digital,Alta,Cliente_leal
C0888,Premium,Web,Sur,Hogar,Alta,Alta,Tarjeta,Media,Cliente_leal
C0889,Ocasional,App,Occidente,Moda,Baja,Media,Tarjeta,Media,Cliente_ocasional
C0890,Ocasional,Tienda,Norte,Moda,Baja,Media,Efectivo,Media,Cliente_ocasional
C0891,Premium,Web,Centro,Servicios,Alta,Media,Tarjeta,Alta,Cliente_leal
C0892,Promocional,Web,Occidente,Moda,Media,Media,Digital,Alta,Cliente_promocional
C0893,Ocasional,Tienda,Centro,Alimentos,Baja,Media,Tarjeta,Baja,Cliente_ocasional
C0894,Nuevo,App,Centro,Alimentos,Baja,Media,Efectivo,Baja,Cliente_ocasional
C0895,Riesgo,Web,Centro,Servicios,Baja,Baja,Transferencia,Baja,Cliente_riesgo
C0896,Nuevo,Web,Norte,Moda,Media,Baja,Efectivo,Baja,Cliente_ocasional
C0897,Ocasional,Web,Sur,Hogar,Baja,Baja,Efectivo,Media,Cliente_ocasional
C0898,Promocional,Web,Centro,Moda,Alta,Media,Digital,Alta,Cliente_promocional
C0899,Frecuente,Web,Centro,Moda,Media,Media,Digital,Alta,Cliente_promocional
C0900,Riesgo,Telefono,Norte,Alimentos,Baja,Baja,Tarjeta,Baja,Cliente_riesgo
C0901,Frecuente,App,Centro,Moda,Media,Media,Digital,Alta,Cliente_promocional
C0902,Frecuente,Web,Norte,Hogar,Media,Alta,Tarjeta,Media,Cliente_leal
C0903,Frecuente,App,Centro,Servicios,Alta,Alta,Tarjeta,Alta,Cliente_leal
C0904,Promocional,Web,Occidente,Moda,Media,Media,Efectivo,Alta,Cliente_promocional
C0905,Nuevo,Tienda,Norte,Moda,Baja,Media,Efectivo,Baja,Cliente_ocasional
C0906,Frecuente,Web,Norte,Hogar,Alta,Media,Tarjeta,Alta,Cliente_leal
C0907,Riesgo,Tienda,Norte,Alimentos,Baja,Media,Efectivo,Baja,Cliente_riesgo
C0908,Promocional,App,Sur,Moda,Media,Alta,Digital,Alta,Cliente_promocional
C0909,Ocasional,Web,Sur,Moda,Baja,Baja,Transferencia,Baja,Cliente_riesgo
C0910,Ocasional,Web,Occidente,Moda,Baja,Media,Efectivo,Media,Cliente_ocasional
C0911,Ocasional,Tienda,Sur,Hogar,Media,Baja,Efectivo,Baja,Cliente_ocasional
C0912,Promocional,Tienda,Centro,Hogar,Alta,Media,Efectivo,Alta,Cliente_promocional
C0913,Ocasional,Web,Norte,Alimentos,Baja,Media,Efectivo,Media,Cliente_ocasional
C0914,Premium,Web,Occidente,Servicios,Media,Media,Tarjeta,Media,Cliente_leal
C0915,Ocasional,Web,Sur,Hogar,Baja,Media,Tarjeta,Media,Cliente_ocasional
C0916,Riesgo,Web,Norte,Servicios,Baja,Baja,Efectivo,Baja,Cliente_riesgo
C0917,Promocional,Web,Centro,Tecnologia,Media,Media,Digital,Alta,Cliente_promocional
C0918,Nuevo,App,Occidente,Moda,Baja,Media,Tarjeta,Baja,Cliente_ocasional
C0919,Ocasional,Web,Sur,Hogar,Baja,Baja,Efectivo,Media,Cliente_ocasional
C0920,Premium,App,Occidente,Servicios,Alta,Alta,Transferencia,Media,Cliente_leal
C0921,Ocasional,Web,Sur,Moda,Media,Media,Efectivo,Media,Cliente_ocasional
C0922,Ocasional,Tienda,Sur,Moda,Baja,Media,Digital,Baja,Cliente_ocasional
C0923,Frecuente,Web,Sur,Tecnologia,Alta,Alta,Tarjeta,Media,Cliente_leal
C0924,Ocasional,Tienda,Sur,Alimentos,Baja,Media,Tarjeta,Media,Cliente_ocasional
C0925,Ocasional,Tienda,Centro,Alimentos,Media,Media,Tarjeta,Media,Cliente_ocasional
C0926,Premium,Tienda,Occidente,Tecnologia,Alta,Media,Transferencia,Media,Cliente_leal
C0927,Nuevo,App,Norte,Alimentos,Media,Media,Efectivo,Media,Cliente_ocasional
C0928,Nuevo,Web,Norte,Hogar,Media,Baja,Efectivo,Baja,Cliente_ocasional
C0929,Frecuente,Web,Occidente,Tecnologia,Alta,Alta,Tarjeta,Media,Cliente_leal
C0930,Frecuente,Tienda,Centro,Hogar,Media,Media,Efectivo,Media,Cliente_promocional
C0931,Nuevo,Tienda,Sur,Alimentos,Baja,Baja,Tarjeta,Media,Cliente_ocasional
C0932,Promocional,Web,Centro,Moda,Media,Alta,Efectivo,Alta,Cliente_promocional
C0933,Ocasional,Tienda,Centro,Alimentos,Baja,Media,Efectivo,Media,Cliente_ocasional
C0934,Promocional,App,Centro,Tecnologia,Media,Media,Digital,Alta,Cliente_promocional
C0935,Ocasional,Tienda,Occidente,Alimentos,Media,Media,Digital,Media,Cliente_ocasional
C0936,Frecuente,Web,Centro,Hogar,Media,Media,Digital,Alta,Cliente_promocional
C0937,Frecuente,App,Centro,Tecnologia,Alta,Alta,Tarjeta,Alta,Cliente_promocional
C0938,Ocasional,App,Norte,Hogar,Media,Media,Efectivo,Media,Cliente_ocasional
C0939,Frecuente,App,Sur,Moda,Media,Media,Tarjeta,Media,Cliente_promocional
C0940,Ocasional,App,Sur,Moda,Baja,Media,Tarjeta,Baja,Cliente_ocasional
C0941,Premium,App,Sur,Hogar,Media,Alta,Transferencia,Alta,Cliente_leal
C0942,Frecuente,App,Occidente,Hogar,Alta,Alta,Digital,Alta,Cliente_leal
C0943,Ocasional,Web,Norte,Alimentos,Media,Media,Efectivo,Media,Cliente_ocasional
C0944,Ocasional,Tienda,Centro,Alimentos,Baja,Baja,Efectivo,Baja,Cliente_riesgo
C0945,Frecuente,App,Occidente,Moda,Alta,Alta,Digital,Media,Cliente_promocional
C0946,Premium,App,Occidente,Servicios,Media,Alta,Digital,Media,Cliente_leal
C0947,Promocional,Web,Centro,Moda,Media,Media,Tarjeta,Alta,Cliente_promocional
C0948,Riesgo,Web,Norte,Servicios,Baja,Media,Tarjeta,Baja,Cliente_riesgo
C0949,Riesgo,Web,Norte,Servicios,Media,Media,Transferencia,Baja,Cliente_riesgo
C0950,Nuevo,Web,Centro,Moda,Baja,Media,Efectivo,Baja,Cliente_ocasional
C0951,Riesgo,Tienda,Norte,Alimentos,Baja,Media,Transferencia,Baja,Cliente_riesgo
C0952,Nuevo,Tienda,Norte,Alimentos,Media,Baja,Digital,Baja,Cliente_ocasional
C0953,Premium,App,Norte,Tecnologia,Alta,Alta,Digital,Alta,Cliente_leal
C0954,Riesgo,Tienda,Sur,Alimentos,Baja,Baja,Efectivo,Baja,Cliente_riesgo
C0955,Frecuente,App,Norte,Hogar,Media,Alta,Tarjeta,Media,Cliente_leal
C0956,Premium,App,Norte,Hogar,Alta,Alta,Tarjeta,Alta,Cliente_leal
C0957,Promocional,Web,Sur,Tecnologia,Media,Alta,Digital,Media,Cliente_promocional
C0958,Riesgo,Telefono,Centro,Servicios,Baja,Baja,Tarjeta,Baja,Cliente_riesgo
C0959,Frecuente,Web,Sur,Tecnologia,Media,Alta,Digital,Media,Cliente_promocional
C0960,Frecuente,Tienda,Centro,Moda,Media,Alta,Digital,Alta,Cliente_promocional
C0961,Frecuente,App,Norte,Tecnologia,Alta,Alta,Tarjeta,Alta,Cliente_promocional
C0962,Frecuente,Web,Centro,Hogar,Media,Alta,Efectivo,Alta,Cliente_promocional
C0963,Ocasional,Web,Sur,Moda,Baja,Baja,Tarjeta,Media,Cliente_ocasional
C0964,Ocasional,App,Sur,Hogar,Media,Baja,Tarjeta,Baja,Cliente_ocasional
C0965,Frecuente,App,Centro,Tecnologia,Alta,Media,Tarjeta,Alta,Cliente_leal
C0966,Promocional,Tienda,Centro,Hogar,Media,Media,Digital,Alta,Cliente_promocional
C0967,Promocional,App,Norte,Moda,Alta,Alta,Digital,Alta,Cliente_promocional
C0968,Nuevo,Web,Centro,Hogar,Media,Media,Tarjeta,Media,Cliente_ocasional
C0969,Riesgo,Telefono,Sur,Moda,Baja,Baja,Tarjeta,Baja,Cliente_riesgo
C0970,Ocasional,App,Norte,Moda,Baja,Media,Digital,Baja,Cliente_ocasional
C0971,Frecuente,Web,Centro,Moda,Media,Media,Tarjeta,Alta,Cliente_promocional
C0972,Ocasional,Tienda,Norte,Alimentos,Baja,Baja,Efectivo,Baja,Cliente_riesgo
C0973,Frecuente,App,Norte,Servicios,Media,Alta,Digital,Media,Cliente_leal
C0974,Riesgo,Tienda,Norte,Moda,Baja,Baja,Efectivo,Baja,Cliente_riesgo
C0975,Frecuente,Web,Centro,Hogar,Alta,Media,Tarjeta,Alta,Cliente_promocional
C0976,Riesgo,Tienda,Norte,Servicios,Baja,Baja,Transferencia,Baja,Cliente_riesgo
C0977,Premium,App,Centro,Hogar,Alta,Alta,Tarjeta,Alta,Cliente_leal
C0978,Promocional,Web,Occidente,Tecnologia,Alta,Media,Digital,Alta,Cliente_promocional
C0979,Premium,App,Norte,Hogar,Media,Alta,Digital,Alta,Cliente_leal
C0980,Riesgo,Telefono,Sur,Moda,Baja,Baja,Transferencia,Baja,Cliente_riesgo
C0981,Premium,App,Centro,Hogar,Alta,Alta,Digital,Alta,Cliente_leal
C0982,Ocasional,Web,Centro,Hogar,Baja,Media,Efectivo,Media,Cliente_ocasional
C0983,Frecuente,Web,Norte,Tecnologia,Media,Alta,Digital,Alta,Cliente_leal
C0984,Ocasional,Web,Norte,Servicios,Baja,Baja,Transferencia,Baja,Cliente_riesgo
C0985,Nuevo,App,Sur,Moda,Media,Media,Efectivo,Media,Cliente_ocasional
C0986,Promocional,App,Centro,Moda,Media,Media,Tarjeta,Alta,Cliente_promocional
C0987,Premium,App,Occidente,Servicios,Alta,Media,Tarjeta,Alta,Cliente_leal
C0988,Premium,Web,Sur,Tecnologia,Alta,Alta,Tarjeta,Alta,Cliente_leal
C0989,Ocasional,Web,Norte,Hogar,Media,Media,Tarjeta,Baja,Cliente_ocasional
C0990,Promocional,Web,Centro,Tecnologia,Media,Alta,Digital,Alta,Cliente_promocional
C0991,Ocasional,Web,Norte,Alimentos,Baja,Media,Tarjeta,Media,Cliente_ocasional
C0992,Ocasional,Web,Norte,Alimentos,Media,Baja,Efectivo,Baja,Cliente_ocasional
C0993,Frecuente,App,Occidente,Hogar,Media,Alta,Tarjeta,Media,Cliente_leal
C0994,Premium,App,Occidente,Tecnologia,Media,Media,Digital,Alta,Cliente_leal
C0995,Frecuente,Web,Norte,Servicios,Media,Alta,Digital,Media,Cliente_leal
C0996,Ocasional,App,Centro,Moda,Media,Media,Efectivo,Media,Cliente_ocasional
C0997,Premium,Tienda,Sur,Tecnologia,Alta,Alta,Tarjeta,Alta,Cliente_leal
C0998,Promocional,App,Sur,Moda,Media,Media,Digital,Alta,Cliente_promocional
C0999,Ocasional,Tienda,Sur,Hogar,Media,Media,Digital,Baja,Cliente_ocasional
C1000,Frecuente,App,Norte,Moda,Media,Media,Digital,Alta,Cliente_promocional
